customerid,personid,storeid,territoryid,rowguid,modifieddate,firstname,lastname
1,,934,1,3f5ae95e-b87d-4aed-95b4-c3797afcb74f,2014-09-12 11:15:07,Dhandapani,Krishnamurthi
2,,1028,1,e552f657-a9af-4a7d-a645-c429d6e02491,2014-09-12 11:15:07,Vivaan,Patel
3,,642,4,130774b1-db21-4ef3-98c8-c104bcd6ed6d,2014-09-12 11:15:07,Aditya,Reddy
4,,932,4,ff862851-1daa-4044-be7c-3e85583c054d,2014-09-12 11:15:07,Krishna,Nair
5,,1026,4,83905bdc-6f5e-4f71-b162-c98da069f38a,2014-09-12 11:15:07,Rohan,Mehta
6,,644,4,1a92df88-bfa2-467d-bd54-fcb9e647fdd7,2014-09-12 11:15:07,Ishaan,Verma
7,,930,1,03e9273e-b193-448e-9823-fe0c44aeed78,2014-09-12 11:15:07,Arjun,Joshi
8,,1024,5,801368b1-4323-4bfa-8bea-5b5b1e4bd4a0,2014-09-12 11:15:07,Dev,Mishra
9,,620,5,b900bb7f-23c3-481d-80da-c49a5bd6f772,2014-09-12 11:15:07,Kabir,Kumar
10,,928,6,cdb6698d-2ff1-4fba-8f22-60ad1d11dabd,2014-09-12 11:15:07,Aryan,Gupta
11,,1022,6,750f3495-59c4-48a0-80e1-e37ec60e77d9,2014-09-12 11:15:07,Yuvan,Singh
12,,622,6,947bcaf1-1f32-44f3-b9c3-0011f95fbe54,2014-09-12 11:15:07,Kartik,Chopra
13,,434,7,b0fa5854-2511-439b-a7ac-50c9c460b175,2014-09-12 11:15:07,Tejas,Das
14,,1020,8,2f96bedc-723d-468f-834b-b2b8ae79c849,2014-09-12 11:15:07,Nihal,Rao
15,,624,9,0340737b-d4fa-4795-93aa-caeb8371bcf9,2014-09-12 11:15:07,Harsh,Iyer
16,,432,10,c9381589-d31c-4efe-8978-8d3449eb1f0f,2014-09-12 11:15:07,Pranav,Nambiar
17,,1018,5,34db417f-1e0b-4408-9ff6-987e59d0d73c,2014-09-12 11:15:07,Siddharth,Saxena
18,,1332,3,c04d6b4d-94c6-4c5c-a44c-b449c0ac1b45,2014-09-12 11:15:07,Rudra,Kapoor
19,,430,1,69ae5d43-31be-4b76-bfbb-5a23c4788bbc,2014-09-12 11:15:07,Shaurya,Banerjee
20,,1016,1,e010c10a-f1c3-4bba-81ca-a7e083350400,2014-09-12 11:15:07,Tanmay,Ghosh
21,,1334,4,564e0b42-4609-43de-9881-914da433d82d,2014-09-12 11:15:07,Om,Agarwal
22,,494,3,9774aed6-d673-412d-b481-2573e470b478,2014-09-12 11:15:07,Rajat,Malhotra
23,,1014,4,733f8250-3251-4c2a-8c85-c285bb76b7b4,2014-09-12 11:15:07,Tanish,Pandey
24,,1336,4,c111e51d-178d-4dbd-a6ff-f1ccbf4b1aad,2014-09-12 11:15:07,Daksh,Bose
25,,492,4,31d03546-fb2a-4488-890e-4709a659e3f0,2014-09-12 11:15:07,Hrithik,Kulkarni
26,,1012,5,fd4898de-d128-4719-8c74-9f77605aac4a,2014-09-12 11:15:07,Neel,Deshmukh
27,,1338,5,caca5149-d799-473b-847f-83f3613d3d1f,2014-09-12 11:15:07,Uday,Naidu
28,,490,6,9b8a04a4-d909-4f49-b1c5-3de317d69b2a,2014-09-12 11:15:07,Bhavesh,Bhattacharya
29,,1010,6,eca7c8fa-490b-4b97-9c32-043c90f789e8,2014-09-12 11:15:07,Nakul,Chatterjee
30,,1340,6,2b15dfb1-831e-49e7-b337-395798b129e7,2014-09-12 11:15:07,Tarun,Menon
31,,942,7,effa209a-a110-4f94-887d-e50e44fb06ea,2014-09-12 11:15:07,Ajay,Dey
32,,1008,8,b9a28813-542a-4fbf-ae79-bad64a5e133b,2014-09-12 11:15:07,Sahil,Bhat
33,,1342,9,e6d92b96-fa82-41c0-8945-66a8a5ec017b,2014-09-12 11:15:07,Deepak,Dubey
34,,940,10,9edda794-7862-4ff4-b8e2-528847cab2bd,2014-09-12 11:15:07,Rajeev,Tripathi
35,,1006,2,8d74b6b9-6c96-44a5-bec4-0e9736d191be,2014-09-12 11:15:07,Ankit,Thakur
36,,1344,2,53c0491d-8ae8-4b16-a830-2078fddf46ad,2014-09-12 11:15:07,Gaurav,Yadav
37,,938,1,c6ebb29a-cc67-459c-90e3-339e0f912906,2014-09-12 11:15:07,Chirag,Shetty
38,,1004,1,e5eda3f3-4ef1-4806-bd36-e61f3cb2e044,2014-09-12 11:15:07,Manish,Mahajan
39,,1346,3,6808b1ed-3c9a-401d-b284-9ac31166d9eb,2014-09-12 11:15:07,Rahul,Khatri
40,,936,4,aa5e28f6-16c8-4d80-894e-17531f2cf972,2014-09-12 11:15:07,Sumeet,Bansal
41,,1002,4,e1ba20ed-da19-4392-a8a8-c2e670438ffb,2014-09-12 11:15:07,Kunal,Jain
42,,1348,4,64acd300-337d-4d39-a2c4-fd5972611934,2014-09-12 11:15:07,Naveen,Mittal
43,,1290,1,9e449d3e-5d79-4f65-a4f1-10dd3b0e0766,2014-09-12 11:15:07,Vivek,Goel
44,,1000,5,fb4b073c-6b38-4233-83fe-4236558f4754,2014-09-12 11:15:07,Pankaj,Seth
45,,1350,5,b50043ed-c66b-4130-bebc-07d413043991,2014-09-12 11:15:07,Rakesh,Tiwari
46,,1288,6,21849ecf-88c2-4574-89d5-397b84df1d0f,2014-09-12 11:15:07,Saurabh,Srinivasan
47,,998,6,0d9abe85-d952-432d-831a-8beb7f4e49d0,2014-09-12 11:15:07,Varun,Venkatesh
48,,1352,6,e656589a-198f-454f-b02f-9ce324457bdf,2014-09-12 11:15:07,Amit,Gowda
49,,1286,7,f3dfa401-85c6-4118-b5c5-6554310a1192,2014-09-12 11:15:07,Sunil,Roy
50,,996,8,0a3e846a-2dcc-4b6e-8ab3-968b5ab859f4,2014-09-12 11:15:07,Vinay,Pal
51,,1354,9,e4c69e3e-be4b-4dcd-b2f0-1237b391bc44,2014-09-12 11:15:07,Diya,Joshi
52,,1284,10,8fb34b30-b19d-4aec-b02e-f1be942800e5,2014-09-12 11:15:07,Ananya,Chaudhary
53,,994,2,81d3b740-dcf1-4f23-a5e3-d81353280016,2014-09-12 11:15:07,Isha,Chauhan
54,,1356,2,123b3ebf-4eb0-442a-8482-a4e001cccf89,2014-09-12 11:15:07,Saanvi,Pathak
55,,1282,1,f5d3997b-ad06-46a0-94af-a4460f4be471,2014-09-12 11:15:07,Meera,Rawat
56,,992,1,570b1682-9bb1-4359-984d-8f728e3d6973,2014-09-12 11:15:07,Kavya,Rajput
57,,1358,3,7ff17923-e670-4f42-87a3-a6d1af18ea05,2014-09-12 11:15:07,Pooja,Prajapati
58,,1280,3,e324fee8-1ee7-4b96-854e-cfda7b0cbbc8,2014-09-12 11:15:07,Sneha,Lal
59,,990,4,60708606-604c-44be-90e1-3a0925b8060e,2014-09-12 11:15:07,Riya,Dev
60,,1360,4,a029f31e-433b-4fa4-b442-b291d16a1b9f,2014-09-12 11:15:07,Neha,Rathore
61,,1278,4,ccc53b43-66a6-47f6-a38e-5dd7cfafeaa6,2014-09-12 11:15:07,Aishwarya,Saxena
62,,988,5,359bb644-407d-4c24-ab98-e637aee7c81e,2014-09-12 11:15:07,Divya,Bhatt
63,,1362,5,76e2e4c3-b1ba-4cb2-b410-a4d48ba886e5,2014-09-12 11:15:07,Nikita,Gill
64,,1276,6,e6b6f92d-4ac6-4bc7-bf6b-2f3c67498de7,2014-09-12 11:15:07,Preeti,Bakshi
65,,986,6,7e082443-8af6-4bb6-a0f5-1586271d1f2c,2014-09-12 11:15:07,Tanya,Mathur
66,,782,6,e91e0048-9a25-489b-96c1-d726da68fb7c,2014-09-12 11:15:07,Bhavya,Solanki
67,,1274,7,51ce3843-fc98-453e-8cf1-7ea145235d0f,2014-09-12 11:15:07,Shruti,Nagpal
68,,532,8,2138def5-80eb-4d95-b340-706bcd60adda,2014-09-12 11:15:07,Nandini,Sehgal
69,,784,9,64841b37-3a25-416a-a129-e9aaa2eff4cd,2014-09-12 11:15:07,Charu,Ahluwalia
70,,1272,10,89e10b04-064e-4313-8203-91fa98a01b11,2014-09-12 11:15:07,Ira,Kohli
71,,530,2,91cc8ac7-27e5-437c-b940-db47692754d3,2014-09-12 11:15:07,Radha,Kapadia
72,,786,2,0da3081d-fdc7-4005-b77d-e5afd8c15de6,2014-09-12 11:15:07,Laxmi,Sabharwal
73,,1270,1,9d5c135e-bd60-46e0-b371-843391637827,2014-09-12 11:15:07,Shalini,Talwar
74,,528,1,73485e57-076d-4b10-bb48-6043dd873582,2014-09-12 11:15:07,Rekha,Nanda
75,,788,4,55cfed0e-1a7b-409c-9aff-297065965870,2014-09-12 11:15:07,Komal,Manocha
76,,1268,3,5227d299-b05e-4d6c-a1c9-da63154869ba,2014-09-12 11:15:07,Simran,Grover
77,,556,4,b3f9113c-8fce-47e1-9f04-38a0c68917c6,2014-09-12 11:15:07,Payal,Kocchar
78,,790,4,8c8083ab-7943-44fa-b1ad-8e3abd5d66ee,2014-09-12 11:15:07,Jaya,Behl
79,,1266,3,010d8aa6-ceba-4097-9e67-3b2a9674fd5f,2014-09-12 11:15:07,Priya,Arora
80,,554,5,98dcb8c4-e7c0-43e7-b429-2cb4d8a8d90d,2014-09-12 11:15:07,Swati,Sodhi
81,,792,5,e25e3769-cadc-4da6-9120-09c3b2205475,2014-09-12 11:15:07,Mira,Khanna
82,,1264,6,92618ece-2254-4852-b3b3-46ed2e0e3e1a,2014-09-12 11:15:07,Amrita,Kalra
83,,552,6,8e01f170-64d3-4b74-82e1-d1691ae9f37c,2014-09-12 11:15:07,Sita,Makhija
84,,794,6,45a614ce-3137-4a12-8296-24048c18f320,2014-09-12 11:15:07,Usha,Suri
85,,1262,7,b44000f5-901b-4134-979d-f9a9bea5a598,2014-09-12 11:15:07,Rupali,Sawhney
86,,636,8,2a8b2702-4644-4002-90e4-99a8adba5261,2014-09-12 11:15:07,Veena,Chabbra
87,,796,9,07fb8b21-fb06-49f8-8cd5-9956273cd78a,2014-09-12 11:15:07,Hemal,Khurana
88,,1260,10,11feda31-15b6-4f08-9357-355371d4d928,2014-09-12 11:15:07,Kirti,Taneja
89,,634,2,a34fe994-1098-439f-a042-ee670bf2fa33,2014-09-12 11:15:07,Lavanya,Wadhwa
90,,798,5,6fc7d1f9-11e6-4574-90b3-7aa6ffc1ebd9,2014-09-12 11:15:07,Chhavi,Bagga
91,,1258,1,9f314fc3-9644-4412-a90a-5483f75f665b,2014-09-12 11:15:07,Asmita,Chadda
92,,632,1,672412c3-5d5d-488b-b176-e3dafad05d70,2014-09-12 11:15:07,Tara,Bhasin
93,,800,4,249b42c2-8eae-49f1-a560-a90837748654,2014-09-12 11:15:07,Namrata,Bajaj
94,,1256,4,65be08da-dfb7-4bc8-aa5c-fad98b82524e,2014-09-12 11:15:07,Mallika,Ahmad
95,,630,4,ea0bc621-9466-4f04-bbff-3b361c6f9057,2014-09-12 11:15:07,Nisha,Iqbal
96,,1308,4,bac5b4da-00b0-4bf1-816a-1e39f676bf9b,2014-09-12 11:15:07,Anjali,Hussain
97,,1254,4,355eb5d8-6b4c-4fff-b12b-40f89ca4e31d,2014-09-12 11:15:07,Bharti,Siddiqui
98,,734,5,7d37485d-a4cf-4c08-8d3c-364deec7c841,2014-09-12 11:15:07,Padma,Ali
99,,1310,5,8583a63e-3459-44c7-8736-a92e0a7135f2,2014-09-12 11:15:07,Seema,Khan
100,,1252,6,e789f6dd-3159-4ddc-81a8-8571c571656e,2014-09-12 11:15:07,Gita,Syed
101,,732,6,67ad4f37-2467-4438-a749-d947beec3a92,2014-09-12 11:15:07,,
102,,1312,6,959cf74b-1004-43f5-9ab7-4cdd482c847d,2014-09-12 11:15:07,,
103,,1894,7,22390e6f-ac5f-4ded-8ee5-91c1302c7fa2,2014-09-12 11:15:07,,
104,,730,8,ffbe0510-53be-46d9-9406-63afee95de3a,2014-09-12 11:15:07,,
105,,1314,9,f9387ea3-ef35-49b2-b535-e02368d2c0fd,2014-09-12 11:15:07,,
106,,1892,10,aafbf7d5-8759-4962-9deb-77c6e22875f4,2014-09-12 11:15:07,,
107,,728,2,9522ca57-0246-496a-ae49-d9821cd67817,2014-09-12 11:15:07,,
108,,1316,2,d1e756e0-a0d1-43d6-a7cb-ac5c5ef404e7,2014-09-12 11:15:07,,
109,,1890,1,7585790b-6034-4520-a383-9fa1e8b3e76e,2014-09-12 11:15:07,,
110,,1888,1,82c2f3f0-63b8-46cc-aedc-3a856956ef04,2014-09-12 11:15:07,,
111,,726,3,0122151a-9140-4663-a3eb-a442d88bc1bb,2014-09-12 11:15:07,,
112,,1318,4,5035e4d6-3758-4fa6-a462-2e2ecf52e6f0,2014-09-12 11:15:07,,
113,,1886,4,8a84966c-5d38-41ca-990f-ad107558a6b8,2014-09-12 11:15:07,,
114,,724,4,bcc5ae61-8214-44a1-a43c-fbd65c3745ae,2014-09-12 11:15:07,,
115,,1320,1,080f7047-8396-4cec-ab43-56cf41de4e00,2014-09-12 11:15:07,,
116,,1884,5,061c4697-f808-4c31-823e-5e8e60efe0aa,2014-09-12 11:15:07,,
117,,722,5,18406109-f4ac-4f30-a96f-4e056996de56,2014-09-12 11:15:07,,
118,,1322,6,5feafbd2-4a43-4641-8e94-b3059b2a882e,2014-09-12 11:15:07,,
119,,1882,6,d13245ef-8267-4cb4-87c9-c23155d33e93,2014-09-12 11:15:07,,
120,,720,6,25863c18-4c9a-4bc9-be0d-95f4cf67bf7d,2014-09-12 11:15:07,,
121,,1324,7,7472ff87-0fbc-4d1f-b599-d47b51b41cf0,2014-09-12 11:15:07,,
122,,1880,8,094eb96d-d265-474d-869e-d9bace4745a7,2014-09-12 11:15:07,,
123,,718,9,bc0a8115-7e8f-4faa-947f-fd315c30250d,2014-09-12 11:15:07,,
124,,1326,10,2f614c31-abae-42d0-820b-193f0ddc811e,2014-09-12 11:15:07,,
125,,1878,2,69af6e37-ead1-4fbd-82f0-61ce3b35f943,2014-09-12 11:15:07,,
126,,716,2,b03efe01-3333-4805-9913-99323c143526,2014-09-12 11:15:07,,
127,,1328,1,ef55103f-acc7-4bfd-89b1-20a04845e706,2014-09-12 11:15:07,,
128,,1876,1,03f73e74-8de5-421e-b5af-04b259268dd6,2014-09-12 11:15:07,,
129,,714,3,e03db34c-bf17-407d-9423-fa22dbfdd292,2014-09-12 11:15:07,,
130,,1330,4,606ecdc2-6443-4e4b-897f-32d4c17ab894,2014-09-12 11:15:07,,
131,,1874,4,ed0df7cc-6234-4d60-8b81-315c019f5356,2014-09-12 11:15:07,,
132,,712,3,7649e8af-3dab-43aa-b7df-9776f84dfb71,2014-09-12 11:15:07,,
133,,978,4,4f61574b-8353-42ec-825c-87896e6e16a4,2014-09-12 11:15:07,,
134,,1872,5,fd0d8467-48d9-42b8-a4e6-dabc96f58925,2014-09-12 11:15:07,,
135,,710,5,dffd552f-30e0-488a-ac07-83c9a7b075c7,2014-09-12 11:15:07,,
136,,980,6,84cd4767-f142-4d9d-9033-ad3ade34bf74,2014-09-12 11:15:07,,
137,,418,6,d6a1aee7-25ef-4417-ab10-65bc21661864,2014-09-12 11:15:07,,
138,,708,6,91b9ef4b-2fa8-4936-ac71-1fa1b3624d12,2014-09-12 11:15:07,,
139,,982,7,23a1a3e2-16f0-40aa-87d4-f4ae97d12581,2014-09-12 11:15:07,,
140,,416,8,01cd7e33-edd0-46a9-8505-f3e85d9f21f4,2014-09-12 11:15:07,,
141,,706,9,e0b29cc8-066d-4f7f-98c3-0f5136bb85d9,2014-09-12 11:15:07,,
142,,984,10,b821d13f-e9db-4a3b-87d0-7e867a161575,2014-09-12 11:15:07,,
143,,520,2,95e93efe-78e9-470c-b4a7-4dd6a5d0f14b,2014-09-12 11:15:07,,
144,,704,2,53c1a4ac-2de2-4ab5-808f-523be758ad29,2014-09-12 11:15:07,,
145,,522,1,fec5609d-042b-4480-b1ba-55f2d4107327,2014-09-12 11:15:07,,
146,,518,1,5475e9dd-98ca-4989-b7a2-3fc929beea12,2014-09-12 11:15:07,,
147,,702,3,03836a0b-7ad8-4115-8d23-6efa0d8deea1,2014-09-12 11:15:07,,
148,,524,3,79355855-a002-4393-bb6e-36f90913fa4d,2014-09-12 11:15:07,,
149,,516,3,baa99d94-2fc2-4a1c-8b67-2c3210eb90c3,2014-09-12 11:15:07,,
150,,700,4,285c5dd7-75d6-460d-97ba-aa86d86637c0,2014-09-12 11:15:07,,
151,,526,4,7f2891f7-dd88-470b-95ae-cc9a7d732b1f,2014-09-12 11:15:07,,
152,,650,5,e07b697e-74c1-4f52-818f-32531696f7ab,2014-09-12 11:15:07,,
153,,514,5,10c2da66-32a2-4c63-998f-9b18cdd6e3b0,2014-09-12 11:15:07,,
154,,626,6,4f60f75e-b20a-4056-874c-b7f3bd33bf3f,2014-09-12 11:15:07,,
155,,648,6,3b56cd66-5ddf-430c-ab41-3ff6a1836868,2014-09-12 11:15:07,,
156,,512,6,cfffaafb-98dc-4392-84f9-fb3229f35265,2014-09-12 11:15:07,,
157,,628,7,da4968b5-6ba0-4478-bbdc-3a00e9a1b59e,2014-09-12 11:15:07,,
158,,646,8,c48cfb9b-45a2-4dc2-b932-ba8c2572e833,2014-09-12 11:15:07,,
159,,456,9,eb0f31c8-c2cf-46cd-8f92-c4059190a9c6,2014-09-12 11:15:07,,
160,,658,10,b42d510d-3ae4-4911-88cf-8d90d6bd0922,2014-09-12 11:15:07,,
161,,820,2,5a1817b3-6c90-4c17-adf8-b30a06f92141,2014-09-12 11:15:07,,
162,,454,2,f4d0ee10-e276-4a3d-8d3b-e1904195f1b8,2014-09-12 11:15:07,,
163,,660,1,989f9f3a-7cb8-4083-8cda-291c682be73c,2014-09-12 11:15:07,,
164,,818,1,5a323aca-74a2-4ca0-aa3b-e1ae299aad08,2014-09-12 11:15:07,,
165,,506,4,3cdbd3ea-da78-4f9a-8eec-8da4c050c817,2014-09-12 11:15:07,,
166,,662,4,f644d9dc-4ced-49e8-8587-ce859e466dfa,2014-09-12 11:15:07,,
167,,816,4,515d4a13-4e60-4d0c-8f22-bb89a9d312ad,2014-09-12 11:15:07,,
168,,504,4,fce18386-f492-4d4a-a6d2-fb7ef20c57fc,2014-09-12 11:15:07,,
169,,804,1,2d6bbc35-bc19-4cb4-a61b-46899d3a4237,2014-09-12 11:15:07,,
170,,814,5,1f8334e8-3ddc-4530-a1d2-e0bab826476e,2014-09-12 11:15:07,,
171,,502,5,3c40e926-090d-4a7a-9e9d-d9222ae910c5,2014-09-12 11:15:07,,
172,,806,6,324c671d-dd10-4ee2-857a-767917acc2a3,2014-09-12 11:15:07,,
173,,812,6,fdc12e98-898b-4c22-972f-f0ebfbfcb7b0,2014-09-12 11:15:07,,
174,,500,6,9c4ddefa-aabd-4a51-ab90-998985fb7d2f,2014-09-12 11:15:07,,
175,,808,7,66f2342a-7cc4-4f5f-a218-8791b21a9173,2014-09-12 11:15:07,,
176,,446,8,10219f9c-bef1-4cac-a435-d75342c43153,2014-09-12 11:15:07,,
177,,688,9,6abc1437-87ff-49fe-8b91-9eeeeb4143d4,2014-09-12 11:15:07,,
178,,810,10,05b8fb77-fc67-4279-aebd-4162d21b9a11,2014-09-12 11:15:07,,
179,,444,2,f7f8b200-1294-4419-9dac-8194231ac9b7,2014-09-12 11:15:07,,
180,,686,3,f7cff29e-f164-424e-b005-bf8cf317af27,2014-09-12 11:15:07,,
181,,1292,1,3d3d4cd0-7f5d-4bd9-a589-08881095bc5a,2014-09-12 11:15:07,,
182,,442,1,d3da2ff4-51c0-4fcb-a936-1b910458d752,2014-09-12 11:15:07,,
183,,684,3,b2051957-b411-44e1-bca5-63fecb5368f2,2014-09-12 11:15:07,,
184,,1294,4,a65c523a-498d-4314-a727-d17a8b2779f6,2014-09-12 11:15:07,,
185,,1196,4,5014e91d-7b0e-495a-b429-ff915be9d2fd,2014-09-12 11:15:07,,
186,,682,4,48d3e26e-c051-4b24-a37f-a88f5294f25f,2014-09-12 11:15:07,,
187,,1296,4,3329ce97-bb9f-4c36-9197-a6eee803bd94,2014-09-12 11:15:07,,
188,,1194,5,2af36044-25f9-476c-961d-a8efd29e2c4f,2014-09-12 11:15:07,,
189,,680,5,3ed50d2b-a57b-4238-bb31-2f96996db362,2014-09-12 11:15:07,,
190,,1298,6,91154406-0118-4a11-bb1b-366edfb5c97a,2014-09-12 11:15:07,,
191,,1192,6,a2f63e12-1c66-41c2-aac0-57d87f1861d9,2014-09-12 11:15:07,,
192,,678,6,84401968-8977-4380-9b4e-d5149c8126c0,2014-09-12 11:15:07,,
193,,1300,7,74cb0417-1626-4586-a8c8-6f0331b08c50,2014-09-12 11:15:07,,
194,,1190,8,3941081b-24ed-44f1-8009-cd17693423a0,2014-09-12 11:15:07,,
195,,676,9,cd4cc2c3-9fb4-4dab-95cc-a054b1171786,2014-09-12 11:15:07,,
196,,1302,10,5f0eb2d3-4691-4f71-8e9b-a3eacfa4a1d5,2014-09-12 11:15:07,,
197,,1188,3,47b64828-bc4c-4940-aa23-92006bf0d7f1,2014-09-12 11:15:07,,
198,,452,3,b17de285-df9a-487b-8773-75844a101cd0,2014-09-12 11:15:07,,
199,,1304,1,f0cd52d1-b838-451e-b015-5414ab7d9154,2014-09-12 11:15:07,,
200,,1186,1,7c96c878-a038-4b2f-825f-016c922d6407,2014-09-12 11:15:07,,
201,,450,4,ff8eb66d-37d8-46fb-b6e2-30a1fac37947,2014-09-12 11:15:07,,
202,,1306,4,e50d76bb-e3f7-419f-a6d2-20061538fcea,2014-09-12 11:15:07,,
203,,1184,4,b05aaa08-abc9-41e1-b113-65347a2ee406,2014-09-12 11:15:07,,
204,,448,4,c807870f-fa5d-44cb-b373-47ecac52c1d8,2014-09-12 11:15:07,,
205,,1404,4,9db0bd27-5ce6-4f6d-8c90-a85422b86060,2014-09-12 11:15:07,,
206,,1182,5,f0b3a736-dd1d-4412-af94-083990d01965,2014-09-12 11:15:07,,
207,,414,5,ca07b43c-6fb2-4160-b1ac-faaea2a1ccf1,2014-09-12 11:15:07,,
208,,1406,6,6005e7a8-0101-4be2-b8c1-f4ad936e496f,2014-09-12 11:15:07,,
209,,1180,6,e5a50573-0d83-4200-a80c-9f690af69fcc,2014-09-12 11:15:07,,
210,,412,6,ff748558-ea94-4c67-a764-d1480b0f8548,2014-09-12 11:15:07,,
211,,1408,7,98158631-9d58-4222-bcbd-cb0b90cbce17,2014-09-12 11:15:07,,
212,,1178,8,4db27c1b-60ce-4060-b84d-2f83f7a04c4a,2014-09-12 11:15:07,,
213,,410,9,374eaca4-b406-4d8e-b122-184efc4122fa,2014-09-12 11:15:07,,
214,,1410,10,402e4d5f-27c3-4197-87e8-32aa42e41bb6,2014-09-12 11:15:07,,
215,,1176,2,3c8fda7c-6e91-4779-a45e-234774092c78,2014-09-12 11:15:07,,
216,,544,2,4f58a074-ea37-49f8-b0c1-fdc3e0a08677,2014-09-12 11:15:07,,
217,,1412,1,5cfc3a75-ddc6-4c65-b4c3-15bf96c92983,2014-09-12 11:15:07,,
218,,1174,1,3c098480-0d9b-409c-8156-c7610415ac5b,2014-09-12 11:15:07,,
219,,1172,3,d39ccce3-c4a6-441d-8a3c-96507627746d,2014-09-12 11:15:07,,
220,,542,3,81305a48-9f6e-4415-b7aa-488ba04a8f7e,2014-09-12 11:15:07,,
221,,1414,4,98ea497e-45d0-4c54-821a-4fdd9a751095,2014-09-12 11:15:07,,
222,,1170,3,3db84b19-4063-4ec2-b1b4-317dee133a25,2014-09-12 11:15:07,,
223,,1158,3,994837fe-10a8-47df-b7b8-86c4e6932fd0,2014-09-12 11:15:07,,
224,,1416,5,8b943679-47d7-48f4-bbb9-1020a2f634cd,2014-09-12 11:15:07,,
225,,1168,5,ad085784-02a0-4a02-b79c-446a9f8f7ebf,2014-09-12 11:15:07,,
226,,1156,6,cf860e9b-816a-406e-a64a-7965772d5487,2014-09-12 11:15:07,,
227,,1418,6,1ffa0236-84ee-415a-be61-94ce863715ea,2014-09-12 11:15:07,,
228,,1166,6,c751dd7e-51d9-4d2d-aeed-c818eee56ceb,2014-09-12 11:15:07,,
229,,1154,7,25b9f9fc-40b0-463f-b6b9-b345e7b46874,2014-09-12 11:15:07,,
230,,1420,8,6ac62ad2-ff1f-4151-b2a2-969847a7baf1,2014-09-12 11:15:07,,
231,,550,9,0ac6fef1-c8d5-46f7-8e4c-fe522a0e4917,2014-09-12 11:15:07,,
232,,1152,10,aa451bd5-ffc2-436c-a295-81b350a5b899,2014-09-12 11:15:07,,
233,,1422,2,4e10867d-98da-4ccc-adf2-92a3edb6e7c1,2014-09-12 11:15:07,,
234,,548,2,60552adb-643c-461a-9dfd-57029760b59a,2014-09-12 11:15:07,,
235,,1150,1,a4df6d50-5068-4fa9-b4ca-a3195eb29bb6,2014-09-12 11:15:07,,
236,,1424,1,21801fb2-6ea6-4fe5-9444-7e09e8ba907c,2014-09-12 11:15:07,,
237,,546,3,b8f7d9d3-e498-40c2-8c7e-fb1c98c43756,2014-09-12 11:15:07,,
238,,1148,3,3ecd14cb-463c-4375-b81b-d6e60a48b83d,2014-09-12 11:15:07,,
239,,1426,4,48aa4a1e-f209-4b29-a276-113ec94aa6dd,2014-09-12 11:15:07,,
240,,1956,4,c581a495-5772-4eb1-943a-9e94e2387814,2014-09-12 11:15:07,,
241,,1146,4,ff342e5e-445c-4900-aa71-f15656a7d24d,2014-09-12 11:15:07,,
242,,1428,5,01d8cef9-298d-49a8-afc4-ffa9f5b6d1f0,2014-09-12 11:15:07,,
243,,1954,5,62f14fdc-02da-47ec-a1af-5b95e963a14b,2014-09-12 11:15:07,,
244,,1144,6,8ff82bed-93d5-4248-99e2-47f53055ec2d,2014-09-12 11:15:07,,
245,,1430,6,4a122bdd-4393-42bc-ad49-37e43a0414f6,2014-09-12 11:15:07,,
246,,1952,6,cee9f2df-2be7-48b9-8e41-343adc82f8c4,2014-09-12 11:15:07,,
247,,1142,7,0764e4db-c9d4-4c8b-964d-f7fad1c567fb,2014-09-12 11:15:07,,
248,,1432,8,cf89a228-a4d7-4c95-abdc-181f2716892e,2014-09-12 11:15:07,,
249,,1950,9,c2c4f287-0fbe-436c-8fb8-0e95125dfe61,2014-09-12 11:15:07,,
250,,1140,10,cb1ed6cb-18a1-4f7c-8079-dc400b6e506f,2014-09-12 11:15:07,,
251,,1434,2,50fc67e2-4fea-4191-a01b-e850214b3b3e,2014-09-12 11:15:07,,
252,,1948,2,3cea9dd6-e7d0-4892-87d1-4bba655bcc7a,2014-09-12 11:15:07,,
253,,1138,1,e09ab347-7fb1-453f-a4bd-377e68ec8c33,2014-09-12 11:15:07,,
254,,472,1,2f89e8dd-a3c3-4ed4-a604-4b3d45dd1bea,2014-09-12 11:15:07,,
255,,1946,4,0a21109f-02b0-4601-b4f7-2ed62c342385,2014-09-12 11:15:07,,
256,,1136,4,0b6db35b-b8b4-4b51-9154-c33e12b38c75,2014-09-12 11:15:07,,
257,,474,4,a24f5a79-dd85-4eb2-a6a2-6e7026763ff8,2014-09-12 11:15:07,,
258,,1944,4,5549df48-409f-4c2a-b97b-900eb598843c,2014-09-12 11:15:07,,
259,,1134,4,2c3f7a56-819c-4e83-b791-3ce02366d3cf,2014-09-12 11:15:07,,
260,,476,5,0446b06c-94d3-44df-96d3-0baf8124e5d4,2014-09-12 11:15:07,,
261,,1942,5,f6b51fea-d82e-440f-bc5e-508d33ba7d0f,2014-09-12 11:15:07,,
262,,1132,6,1c783210-2b1e-46e2-a2c8-23e610feeb3c,2014-09-12 11:15:07,,
263,,580,6,f665a873-61a2-4b21-b9ff-b5903beaf759,2014-09-12 11:15:07,,
264,,1940,6,a5ce11ce-239c-4849-9683-14f37025a2c1,2014-09-12 11:15:07,,
265,,590,7,1cd5e09a-9c62-4ad1-9c86-0e17a4512d6e,2014-09-12 11:15:07,,
266,,582,8,4af6204a-8c86-435d-85d7-b4fa11c5ae93,2014-09-12 11:15:07,,
267,,1938,9,e4659480-ca31-4fcd-ac59-79ddc831839f,2014-09-12 11:15:07,,
268,,588,10,0c316f6f-5d54-41fd-86a3-6ecaf31a01dd,2014-09-12 11:15:07,,
269,,584,2,c8d788bb-bdbe-48a7-b0bf-b1b0488d9b9f,2014-09-12 11:15:07,,
270,,1936,2,ef6ce6f1-71b7-4a5d-9eee-55283bd5ad5c,2014-09-12 11:15:07,,
271,,586,1,f2765e86-8dea-468b-849e-9e83ae57c381,2014-09-12 11:15:07,,
272,,612,1,b80f890d-a6a1-4dfc-b763-ecd7743c3c2a,2014-09-12 11:15:07,,
273,,1934,4,736da014-1371-40b2-a401-5bd3267a1e8b,2014-09-12 11:15:07,,
274,,952,3,02788a66-2628-4b91-b211-1d8f7e73c500,2014-09-12 11:15:07,,
275,,614,4,68dc7932-128e-47cc-80cb-cf2b1a352f3c,2014-09-12 11:15:07,,
276,,1932,4,09e2cb2a-b0ca-4376-abe7-e9240ead2c16,2014-09-12 11:15:07,,
277,,950,4,37156292-0d92-4f6b-9014-ccb0b29e9f9a,2014-09-12 11:15:07,,
278,,616,5,e8544bb9-7d68-4d07-96d2-7772d3a000ce,2014-09-12 11:15:07,,
279,,1930,5,27670fe7-9beb-496c-a0b4-a097acefecd0,2014-09-12 11:15:07,,
280,,948,6,73b26c19-1113-427f-bbab-beb6fcda33c3,2014-09-12 11:15:07,,
281,,618,6,b3b07166-1798-41b4-a7c2-0579292008c4,2014-09-12 11:15:07,,
282,,1928,6,cf04f255-d817-4ec9-9d99-4580b1ed0ce2,2014-09-12 11:15:07,,
283,,946,7,7502406d-db42-4f26-9c7c-384116a6882d,2014-09-12 11:15:07,,
284,,758,8,ff1e806e-2f9d-4494-ae4d-1f7061744db8,2014-09-12 11:15:07,,
285,,408,9,055bc119-564e-47a0-8086-995fbbe8c739,2014-09-12 11:15:07,,
286,,944,10,6266ccc4-1af0-42e0-bca4-b33ea6838eee,2014-09-12 11:15:07,,
287,,760,3,448cbbfe-eddc-443d-b7c8-57aeaa463be5,2014-09-12 11:15:07,,
288,,406,3,44edc8ac-bb0e-418e-bdd3-4f7691381633,2014-09-12 11:15:07,,
289,,498,1,a42d0f51-c2bc-433d-b2bd-61c516296669,2014-09-12 11:15:07,,
290,,762,1,d0dcde2d-8c38-48fc-9d83-5ebe8a8577ae,2014-09-12 11:15:07,,
291,,398,4,a5aa95ad-8c82-4e50-944f-39f6bdd0a8a8,2014-09-12 11:15:07,,
292,,496,4,e1e960b9-5a86-475d-80fe-b64191aeb1da,2014-09-12 11:15:07,,
293,,764,1,b37a0d83-7ed6-4c58-a476-f59b7ae4fc85,2014-09-12 11:15:07,,
294,,396,4,592b130d-bff6-4744-b0b6-02f706504993,2014-09-12 11:15:07,,
295,,1490,4,bb5324b1-9ace-4aae-8711-41090edce4e0,2014-09-12 11:15:07,,
296,,766,5,6d8059c6-bf5d-4871-8ca8-cc1703668b87,2014-09-12 11:15:07,,
297,,394,5,39bd90d4-a3f8-4f16-a960-b76014b1a913,2014-09-12 11:15:07,,
298,,1488,6,16101465-48b9-4147-9c53-6610feadf778,2014-09-12 11:15:07,,
299,,768,6,1cea8d76-4a20-4d76-9da2-a3777fd7e693,2014-09-12 11:15:07,,
300,,386,6,7256f9b7-5253-4384-b8de-60b6f0adf5a6,2014-09-12 11:15:07,,
301,,1486,7,d4795f2c-072a-490c-8f6a-f1557deb3a48,2014-09-12 11:15:07,,
302,,770,8,10f18596-1b27-464b-bb18-5e37b29bce6a,2014-09-12 11:15:07,,
303,,384,9,31392045-13d2-46cb-9031-67bd7c6f1300,2014-09-12 11:15:07,,
304,,1484,10,c332c909-ee43-4312-a9d8-b2365a0160ea,2014-09-12 11:15:07,,
305,,772,2,7b7dc9c9-df06-43b1-995d-aac5d58f2862,2014-09-12 11:15:07,,
306,,382,3,f8f2835d-f5f0-4070-8465-46bfc815153b,2014-09-12 11:15:07,,
307,,1482,1,d11d9dae-d5d1-440b-be3f-48d307e942a6,2014-09-12 11:15:07,,
308,,774,1,d2b47dad-e684-449b-992c-15de391c0fcc,2014-09-12 11:15:07,,
309,,372,4,a80b5e25-5ef4-4910-b70b-b2d1f5b207c2,2014-09-12 11:15:07,,
310,,1480,3,0d9a0e94-f5e9-4021-8e81-f7f2f18144b1,2014-09-12 11:15:07,,
311,,776,4,f070050e-2b33-41a2-a995-d9df09eb3ae3,2014-09-12 11:15:07,,
312,,370,4,067bb7da-557d-4145-910c-ee0c82caa0e4,2014-09-12 11:15:07,,
313,,1478,4,2157d9a9-a284-4001-973a-27196613681a,2014-09-12 11:15:07,,
314,,778,5,1d3e8a19-1ad4-4524-be77-5a5998107204,2014-09-12 11:15:07,,
315,,440,5,527d2334-c39d-49a8-901e-b1057f41bd73,2014-09-12 11:15:07,,
316,,1476,6,8c95e9d8-88d0-4e6a-8149-b4c6c79e65bd,2014-09-12 11:15:07,,
317,,780,6,5eef4daa-8514-43a3-b96a-d99e19e3c2e8,2014-09-12 11:15:07,,
318,,438,6,d241d8f1-5a7a-41b3-8723-1e2b1a9fdbf6,2014-09-12 11:15:07,,
319,,1474,7,b933a9dc-ef58-4bb6-83a1-bce83a1468db,2014-09-12 11:15:07,,
320,,538,8,fd0864b5-e700-4407-8683-92b710034073,2014-09-12 11:15:07,,
321,,436,9,ffe78b87-222b-4ab6-8d46-afba06c1b19e,2014-09-12 11:15:07,,
322,,1472,10,1c56e02d-69f4-4c0d-965b-2b7f54aa0a34,2014-09-12 11:15:07,,
323,,540,3,0da4f03e-47e9-4bed-b149-9c18cee9eb30,2014-09-12 11:15:07,,
324,,2051,2,815eea58-33c8-4717-8a9b-a86856090a06,2014-09-12 11:15:07,,
325,,1470,1,6340ac77-4fbd-4eec-9d60-5009d428674a,2014-09-12 11:15:07,,
326,,964,1,81c81c0d-73eb-442d-beb0-d03ad4af5048,2014-09-12 11:15:07,,
327,,1994,3,cdd7480f-7284-453a-a7ca-910535d40583,2014-09-12 11:15:07,,
328,,1992,4,84a86a42-c9f8-4b4a-a1a6-28e4e448fb8c,2014-09-12 11:15:07,,
329,,470,4,35de20d0-b72d-440b-8c55-6e8ad6643335,2014-09-12 11:15:07,,
330,,966,4,09480748-3f10-4c0f-9bf1-ebefad6540cf,2014-09-12 11:15:07,,
331,,1990,4,9b6d55bd-1bfd-489b-a09d-ca2de42c7c16,2014-09-12 11:15:07,,
332,,468,5,b2e4cf6b-9c83-4025-99b4-166640c15510,2014-09-12 11:15:07,,
333,,968,5,0412c1a5-e4ba-4f83-9bb3-86175b894a55,2014-09-12 11:15:07,,
334,,1988,6,777d62e5-3c77-4cef-8af6-8a4648f49eb9,2014-09-12 11:15:07,,
335,,466,6,f8bf1985-3c65-400f-bd46-92f88008f003,2014-09-12 11:15:07,,
336,,970,6,0341ca02-f44f-4604-8e20-a749b90fd976,2014-09-12 11:15:07,,
337,,1986,7,fb5a02eb-5589-4499-a19e-492457426b90,2014-09-12 11:15:07,,
338,,578,8,2e85a0ae-4725-45d3-a21c-f1ee94fde748,2014-09-12 11:15:07,,
339,,972,9,ecbd14f2-f495-4ac9-b3f4-6a53d15856d3,2014-09-12 11:15:07,,
340,,1984,10,191fe023-2354-4fbb-88d7-b57adc3428d8,2014-09-12 11:15:07,,
341,,576,2,8347e7af-a66a-410a-a035-65cf88e500b3,2014-09-12 11:15:07,,
342,,974,2,dfbe95b2-bfb7-4cb3-bbfc-045f35bb48cf,2014-09-12 11:15:07,,
343,,1982,1,dae8ef10-88da-4f94-b6a7-a9745f250db2,2014-09-12 11:15:07,,
344,,574,1,aa3b69df-40cf-45b8-9250-f69ef6db1c15,2014-09-12 11:15:07,,
345,,976,4,131056ab-e899-43bf-91e6-d92f44456655,2014-09-12 11:15:07,,
346,,1980,3,b3e143fd-f617-401e-aad9-c50bc280ed18,2014-09-12 11:15:07,,
347,,572,4,2de20d49-86f7-40c0-950d-12c93ea94b35,2014-09-12 11:15:07,,
348,,348,3,ba20e529-555e-4d2c-83f0-dcba833230af,2014-09-12 11:15:07,,
349,,1978,4,b23474bf-01cc-4a5e-902c-d6a4eb5ed777,2014-09-12 11:15:07,,
350,,610,5,51af3285-9533-4172-a4b9-7e654169fb33,2014-09-12 11:15:07,,
351,,354,5,4267e129-15f9-41de-b426-f38cb86cc417,2014-09-12 11:15:07,,
352,,1236,6,5617d4f8-c3a1-4408-8895-ae3f7e0efa05,2014-09-12 11:15:07,,
353,,608,6,3b2e5c36-0827-4a31-b112-f347ad588822,2014-09-12 11:15:07,,
354,,356,6,b65dfd89-49c5-4530-b819-b6e84f3531a6,2014-09-12 11:15:07,,
355,,1234,7,e6250b8a-8dcb-4192-8a0b-9598ae0e3f05,2014-09-12 11:15:07,,
356,,606,8,c5add2b4-2679-46d0-b6bc-649592c7da61,2014-09-12 11:15:07,,
357,,358,9,cdd731fa-45b9-405c-9265-42c039cfb509,2014-09-12 11:15:07,,
358,,1232,10,3ed88e2f-3f29-4e30-93d4-ce38474ded23,2014-09-12 11:15:07,,
359,,604,2,68e332e9-2929-4149-8086-fa8d7e4bc859,2014-09-12 11:15:07,,
360,,360,3,8be04d7d-1192-4a27-aca3-926e5f530abb,2014-09-12 11:15:07,,
361,,1230,1,6f69f454-5199-4b15-b370-d926f8ed104c,2014-09-12 11:15:07,,
362,,756,1,d9b640a6-0988-4548-8231-69ca927d49ab,2014-09-12 11:15:07,,
363,,374,3,3543b21b-0dfa-40de-998e-a9c3f2fcda98,2014-09-12 11:15:07,,
364,,1228,3,9d91f4ed-58b5-4a59-9894-8fd17ebdfc9b,2014-09-12 11:15:07,,
365,,754,4,ab87b283-4b2b-48ad-9d10-6b9f2d4d0baa,2014-09-12 11:15:07,,
366,,376,4,76da51e9-d61b-488c-a4e7-c7b87fda2917,2014-09-12 11:15:07,,
367,,1226,4,a65d6b08-0b08-453c-b244-cb324a3dfc0c,2014-09-12 11:15:07,,
368,,752,5,992e96cc-be7c-49aa-a6e5-6534990f1774,2014-09-12 11:15:07,,
369,,362,5,3d4c073c-758c-4ae7-a00b-72dada062af2,2014-09-12 11:15:07,,
370,,1224,6,7059e0f6-846d-4a52-8a97-0734cd064892,2014-09-12 11:15:07,,
371,,750,6,05cf6683-bc27-4062-a60d-995706bbfab5,2014-09-12 11:15:07,,
372,,1852,6,f377f21a-9a29-49af-9158-4e3fa8586ff7,2014-09-12 11:15:07,,
373,,1222,7,6c49b96d-2dfe-4e55-a102-416fe3b64dc4,2014-09-12 11:15:07,,
374,,748,8,b50e974f-2703-4508-81f9-84aa2fb27615,2014-09-12 11:15:07,,
375,,1854,9,150dca03-dae1-461c-85c8-54660461356c,2014-09-12 11:15:07,,
376,,1220,10,d733948f-db34-47ff-a618-06123a32e515,2014-09-12 11:15:07,,
377,,746,3,f728ab05-7868-493d-beba-f4e7dfafff31,2014-09-12 11:15:07,,
378,,1856,2,95828950-e407-4293-a824-b2525f135503,2014-09-12 11:15:07,,
379,,1218,1,083c2d9f-7cbb-4cd4-9bbf-30e80c376ee5,2014-09-12 11:15:07,,
380,,744,1,5e469335-acdd-41c8-89fe-0856ed944340,2014-09-12 11:15:07,,
381,,1858,3,5aa5c79e-3c99-4fd2-87e7-b0e67603d5ab,2014-09-12 11:15:07,,
382,,1216,4,7ee0371d-cefe-4a15-9347-34c232d82ab0,2014-09-12 11:15:07,,
383,,742,4,94da916c-8e0d-405c-ad3c-cfe9c1db699a,2014-09-12 11:15:07,,
384,,1860,4,7bc25c4c-f0e3-4471-8d8b-e0595061af6a,2014-09-12 11:15:07,,
385,,1214,4,6ede3be1-137d-4984-9ecb-eb871ae9059d,2014-09-12 11:15:07,,
386,,740,5,bc5c4272-db96-464c-8f74-09a8343e5877,2014-09-12 11:15:07,,
387,,1862,5,3f8de0ed-d0f6-498c-ab91-2c35815e297e,2014-09-12 11:15:07,,
388,,1212,6,c0c5ee7e-dd39-401d-9bf5-7ec01d57e57f,2014-09-12 11:15:07,,
389,,738,6,0fc568b5-2a6b-4c9d-87bc-9b8c6313c9da,2014-09-12 11:15:07,,
390,,1864,6,d6ab0687-0db2-460b-a4d2-34aad4ec9f3d,2014-09-12 11:15:07,,
391,,1210,7,030f5458-d836-4142-b2a7-321c34ea66d7,2014-09-12 11:15:07,,
392,,736,8,8d04b130-e705-4b91-8159-8da619a2b9de,2014-09-12 11:15:07,,
393,,1866,9,65923376-fae9-430e-9712-42235694f8bd,2014-09-12 11:15:07,,
394,,1208,10,f53f2ca8-f244-46b8-a64f-a09f657db9dc,2014-09-12 11:15:07,,
395,,560,3,8da056fc-494f-4fe1-8397-0b0736603201,2014-09-12 11:15:07,,
396,,1868,2,8adbcd9a-4d47-4fd5-a04a-dffcc2bf47de,2014-09-12 11:15:07,,
397,,1206,1,b711f333-3277-4885-ab55-5790cf41f27d,2014-09-12 11:15:07,,
398,,558,1,e47537dd-645f-458c-a410-a520d38dd7b9,2014-09-12 11:15:07,,
399,,1870,4,bc98b78e-3068-475a-8ead-fba537dde9b9,2014-09-12 11:15:07,,
400,,1110,3,40984282-13f9-4b14-90b3-e7a17180195d,2014-09-12 11:15:07,,
401,,368,1,cc76f684-79ad-4a66-a30e-1b7fb5c917c5,2014-09-12 11:15:07,,
402,,460,4,48941caa-5b39-497e-ad56-efd9172d372e,2014-09-12 11:15:07,,
403,,1108,4,0484601b-6a04-41bf-9554-3eb22d5b4dc1,2014-09-12 11:15:07,,
404,,366,5,8ef6e3c7-a53a-4ce4-819f-e67871c2f7ed,2014-09-12 11:15:07,,
405,,462,5,2ef9b843-4b9a-4220-8503-2dbdb2878c41,2014-09-12 11:15:07,,
406,,1106,6,04c17472-c4da-40b1-82fa-b08d3828b863,2014-09-12 11:15:07,,
407,,380,6,5a2338d1-158f-4386-8c30-eff2bf990669,2014-09-12 11:15:07,,
408,,464,6,a845d318-d6c0-4e69-b509-83686bd409a6,2014-09-12 11:15:07,,
409,,1104,7,102df3eb-c1a7-494a-a2ff-e0c5f2018559,2014-09-12 11:15:07,,
410,,378,8,c35ee937-edb6-4a80-bcd5-6310f0c25764,2014-09-12 11:15:07,,
411,,690,9,509ba11f-3d46-478d-8213-142f20c2f6bf,2014-09-12 11:15:07,,
412,,1102,10,bd823ab5-6077-41d3-86c7-7bfa90602024,2014-09-12 11:15:07,,
413,,404,2,44690101-f37f-418e-ba40-7b117d134b68,2014-09-12 11:15:07,,
414,,692,2,f493788d-9984-4433-b24f-f7d151462826,2014-09-12 11:15:07,,
415,,674,1,01289f01-9785-4dea-a896-92592f1f90b2,2014-09-12 11:15:07,,
416,,402,1,6b7ff7e6-4028-491e-ac2a-dfbb6278ca57,2014-09-12 11:15:07,,
417,,694,4,b8b12910-9ce7-4e71-902c-cf267a30fd3b,2014-09-12 11:15:07,,
418,,672,3,c6a84bc4-4131-4f49-9865-1f05530318cd,2014-09-12 11:15:07,,
419,,400,4,8fe888a7-82d6-4a5a-a7f4-4e69b9d62838,2014-09-12 11:15:07,,
420,,696,4,e4e565bb-00ff-494a-b31f-4bfe14ec2950,2014-09-12 11:15:07,,
421,,670,4,b70d3cf0-b999-46e6-a004-e551c302ef24,2014-09-12 11:15:07,,
422,,1164,5,7a2cdc3b-3646-4fb1-975a-e3bb2f3159a9,2014-09-12 11:15:07,,
423,,698,5,a6b62683-6b48-4b90-8618-01a36f459ecd,2014-09-12 11:15:07,,
424,,510,6,1907f0a4-bffe-4a3b-bec8-76d0aecb2d30,2014-09-12 11:15:07,,
425,,1162,6,b1508150-5c6b-436b-8ff4-41171e6cd517,2014-09-12 11:15:07,,
426,,562,6,76ecb325-f500-4d90-a4fd-f2a2f8971379,2014-09-12 11:15:07,,
427,,508,7,411e7506-12ef-4ee7-bd86-b80187aa6190,2014-09-12 11:15:07,,
428,,1160,8,2ec6eee4-a066-4c95-9982-8eecbd71fd2f,2014-09-12 11:15:07,,
429,,564,9,a1ae3116-2c4d-4647-a111-eaeed3df2d96,2014-09-12 11:15:07,,
430,,602,10,d18dfa60-7d7e-4900-a0b6-78df78e4deef,2014-09-12 11:15:07,,
431,,392,3,730af72e-62cc-43c0-b790-975fb1f2df0d,2014-09-12 11:15:07,,
432,,846,2,2bb213ee-5443-4e13-b085-6413a707a120,2014-09-12 11:15:07,,
433,,600,1,eb0b1054-ff23-4e35-bcfc-10b84b47ea47,2014-09-12 11:15:07,,
434,,390,1,0a748427-ccaf-4e93-9551-8f06b976dcad,2014-09-12 11:15:07,,
435,,848,4,7624b525-f236-4771-8d0b-ffc8ef75afa7,2014-09-12 11:15:07,,
436,,598,4,506dd7e7-e6d0-49e7-addc-5cd6c811dd35,2014-09-12 11:15:07,,
437,,570,4,7ee44449-7164-4637-96fe-264004dd31a0,2014-09-12 11:15:07,,
438,,388,1,3f98f477-0db0-44d4-9155-15243b8fd480,2014-09-12 11:15:07,,
439,,850,4,2b10bd49-1d5c-4e73-a492-95ae4c03c312,2014-09-12 11:15:07,,
440,,568,5,1b5af7f4-4d4e-4b51-a1a2-c2f62431bc9a,2014-09-12 11:15:07,,
441,,364,5,2965f5cf-909a-444a-9966-3d1aaf761206,2014-09-12 11:15:07,,
442,,852,6,f41036bb-c3ba-4935-9f16-10dec1a55c33,2014-09-12 11:15:07,,
443,,566,6,133ce995-d294-47ee-94cb-468e147214d4,2014-09-12 11:15:07,,
444,,428,6,a83d6923-a2df-4c6f-9d39-af9de01320dc,2014-09-12 11:15:07,,
445,,854,7,f6130e0a-b5ea-4747-92ea-257d7f3ed116,2014-09-12 11:15:07,,
446,,1926,8,a6db70ba-e347-4406-b237-56c1bbd24fe5,2014-09-12 11:15:07,,
447,,426,9,9ee3c197-e7db-4f66-b491-118a9928b782,2014-09-12 11:15:07,,
448,,856,10,722aee8f-6b89-4712-bb35-6861af3065cd,2014-09-12 11:15:07,,
449,,1924,5,c92cc384-fe07-46c6-952c-9ee65176e4f9,2014-09-12 11:15:07,,
450,,424,2,81a8ae36-d134-475c-bed1-06c7c68cb095,2014-09-12 11:15:07,,
451,,858,1,d5ae552e-fafd-49ab-ac05-014484ca1139,2014-09-12 11:15:07,,
452,,1922,1,a0328adc-2dbd-47ae-9648-cbaf845ebf74,2014-09-12 11:15:07,,
453,,926,3,e165218f-456f-4d59-bf10-accf3911ae3c,2014-09-12 11:15:07,,
454,,860,3,d0cc43e1-cf3e-47ea-87f7-2b64c899c56d,2014-09-12 11:15:07,,
455,,1920,4,b4200f93-711c-438e-975d-fcca43632d20,2014-09-12 11:15:07,,
456,,924,4,71fce014-2bd7-4072-a163-b67cf0217325,2014-09-12 11:15:07,,
457,,862,4,2e58399c-f9b5-406a-a91a-2d7416e697e4,2014-09-12 11:15:07,,
458,,1918,5,5478a7a1-3070-4316-ba3b-76936afa4ebe,2014-09-12 11:15:07,,
459,,922,5,d587c243-7e07-4d4a-aff5-2bb7eb47046b,2014-09-12 11:15:07,,
460,,864,6,e7069c91-9479-4cc0-be91-991aa1447af6,2014-09-12 11:15:07,,
461,,1916,6,25ee1c59-aa4a-44e6-ad18-70f2b8fde302,2014-09-12 11:15:07,,
462,,920,6,5c085e79-91ee-4855-92c2-ba36cd6980e0,2014-09-12 11:15:07,,
463,,866,7,6b70d0b3-4a77-4143-842a-c5fb0bbbe8ff,2014-09-12 11:15:07,,
464,,1914,8,1548c6d6-55ae-42cc-813d-093d70330662,2014-09-12 11:15:07,,
465,,918,9,5ab396be-567f-4ede-b3c1-82e410867acd,2014-09-12 11:15:07,,
466,,868,10,94b95997-fd84-4632-bb16-6f21fe706051,2014-09-12 11:15:07,,
467,,1912,5,0e1ad4c8-39fa-45fd-913f-2428d826b11a,2014-09-12 11:15:07,,
468,,916,3,ed1ff0e0-836d-42b3-a9dc-f8faaf32adba,2014-09-12 11:15:07,,
469,,870,1,f9eec39e-a3a3-41ab-8abd-1ab31c0b729b,2014-09-12 11:15:07,,
470,,1910,1,d7b637cf-c957-41c1-ae45-590a1a9f4527,2014-09-12 11:15:07,,
471,,914,4,7578fa92-b7bf-4fa8-94e3-186b08221382,2014-09-12 11:15:07,,
472,,872,3,dcedc9d8-c1fd-4720-95f2-4be8c5a8b5d1,2014-09-12 11:15:07,,
473,,1204,4,bdc2cd6e-0ff5-4af8-a5b2-eeaf07b882e5,2014-09-12 11:15:07,,
474,,912,4,9437f421-4e1a-4223-8d41-b3008bc7bbc9,2014-09-12 11:15:07,,
475,,874,4,14ca36fa-e45c-421c-bb5a-22cde0946aea,2014-09-12 11:15:07,,
476,,1202,5,8debba6b-6e6b-438b-a730-712e7e68ca2b,2014-09-12 11:15:07,,
477,,910,5,6dcc5ca8-4f2b-42ac-ba55-ed5888be101e,2014-09-12 11:15:07,,
478,,1828,6,e76a3ec3-581b-456b-9415-5853ee013816,2014-09-12 11:15:07,,
479,,1200,6,ddf27582-0d9b-45a9-b605-ab01d2c1c3b8,2014-09-12 11:15:07,,
480,,908,6,3aeccdda-2012-468e-858e-3be516a77fa0,2014-09-12 11:15:07,,
481,,1830,7,579ef71e-9a99-4d2e-bf31-0b6d5dac66be,2014-09-12 11:15:07,,
482,,1198,8,eeb9f9cd-5b5c-4492-af64-6f28f4225350,2014-09-12 11:15:07,,
483,,906,9,19405801-665b-479f-b5a6-686876e615ac,2014-09-12 11:15:07,,
484,,1832,10,37398b37-b78b-4460-b012-665828c6b9ec,2014-09-12 11:15:07,,
485,,306,5,eb969756-e3cd-4956-8a65-572a887b1718,2014-09-12 11:15:07,,
486,,904,2,c0a0eccc-1504-49cb-93e0-a613ba0a6dd6,2014-09-12 11:15:07,,
487,,1834,1,4ee55ca2-f2ac-4e5b-bcec-b23c09fb345b,2014-09-12 11:15:07,,
488,,304,1,c4647e94-eb39-4fe5-b856-fa982709a6da,2014-09-12 11:15:07,,
489,,902,4,2b107c53-4450-4179-a330-516ff82e4744,2014-09-12 11:15:07,,
490,,1836,4,ab26f88e-abde-4122-b772-34940b143427,2014-09-12 11:15:07,,
491,,302,4,28a9945c-b9b3-4a24-b367-d17bcc0ae82e,2014-09-12 11:15:07,,
492,,900,4,8194b68e-af15-4edc-b403-6c8f7475492b,2014-09-12 11:15:07,,
493,,1838,4,b143978a-3fc9-4077-a70a-db4dfacedc79,2014-09-12 11:15:07,,
494,,326,5,1dadf7f5-0dfb-4357-8822-316fd414b6d9,2014-09-12 11:15:07,,
495,,898,5,70cc6d14-4aeb-4731-a23f-00fd899bc6c8,2014-09-12 11:15:07,,
496,,1840,6,9d1a7488-6cd7-4866-a0a4-dd3a8a850ed0,2014-09-12 11:15:07,,
497,,324,6,9fc698d8-a5d6-4971-bfb4-9a4d8988db58,2014-09-12 11:15:07,,
498,,896,6,e3a756b3-ee63-4ac7-a799-b1fa170edde6,2014-09-12 11:15:07,,
499,,1842,7,c1977b0f-7a53-4761-ac2d-e43da7b25711,2014-09-12 11:15:07,,
500,,322,8,8d407bac-a447-456b-93fe-50301bc7555a,2014-09-12 11:15:07,,
501,,894,9,5314edb3-4fe0-47bc-90c8-e89589e8ba7a,2014-09-12 11:15:07,,
502,,1844,10,e8dd8339-8804-46f2-ac6c-bce931ff0831,2014-09-12 11:15:07,,
503,,320,2,53f9d07a-114f-40c3-84de-2caa6e13a05c,2014-09-12 11:15:07,,
504,,488,3,240578ac-2179-4aca-83d8-c647c8f668cd,2014-09-12 11:15:07,,
505,,1846,1,4f32a900-a34b-4448-a72c-196a1c553073,2014-09-12 11:15:07,,
506,,318,1,794aa83a-293d-4a91-bcf5-d40471b46569,2014-09-12 11:15:07,,
507,,486,4,2c2f6363-d05a-4ed4-8896-e321413d4ff3,2014-09-12 11:15:07,,
508,,1848,4,4da216f0-e0fc-43f1-847b-c0445ebfda46,2014-09-12 11:15:07,,
509,,316,4,78ed169f-c38f-44f9-9abc-2a65d87c7f7d,2014-09-12 11:15:07,,
510,,484,4,6ee9d652-6f65-4f4d-af0b-3a82cb34c5f1,2014-09-12 11:15:07,,
511,,1850,4,39a1e62c-4669-4731-9d99-f74d0a4979d7,2014-09-12 11:15:07,,
512,,352,5,5b37ccff-1a71-4561-ac12-50eb77c92bc2,2014-09-12 11:15:07,,
513,,1468,5,b969d812-d0ac-4484-9897-6262151508db,2014-09-12 11:15:07,,
514,,592,6,f7fa597e-be0a-4488-9101-a6cd272dbf47,2014-09-12 11:15:07,,
515,,1908,6,0d4a67db-594a-4131-a3c8-51c76265b3c5,2014-09-12 11:15:07,,
516,,1466,6,3e567502-b73a-49cb-bfa4-89e32f3bf89d,2014-09-12 11:15:07,,
517,,594,7,a7726bae-8c2d-4fe5-b25f-281083aeaf2c,2014-09-12 11:15:07,,
518,,1906,8,f3e61433-b332-4b4c-bce6-a963950e6ca4,2014-09-12 11:15:07,,
519,,1464,9,6e5dc4e9-bd21-4e78-808a-074f07958b75,2014-09-12 11:15:07,,
520,,596,10,34c094d7-8c79-47a5-b192-9597826bd55d,2014-09-12 11:15:07,,
521,,1904,2,a09978fe-9354-4c69-8423-1e172841a9ab,2014-09-12 11:15:07,,
522,,1462,2,8989cbd0-e708-4d36-bfb7-71b08a239bfa,2014-09-12 11:15:07,,
523,,954,3,ed034862-2faa-4c55-afb3-052d06a2191e,2014-09-12 11:15:07,,
524,,1902,5,66f5d073-40bb-4584-a577-91e2a6cc36f7,2014-09-12 11:15:07,,
525,,1460,5,82bd929f-9da3-4e28-bbcf-9d4c58d02ff3,2014-09-12 11:15:07,,
526,,956,6,34242469-ae37-497e-920e-ad364d7eff4c,2014-09-12 11:15:07,,
527,,1900,3,b43c442c-796e-4b1f-85f3-233a02f5f7ed,2014-09-12 11:15:07,,
528,,1458,4,1264d83b-3abb-4a87-b473-e30b96f55bb6,2014-09-12 11:15:07,,
529,,958,4,7ba3fef2-3b40-4490-9601-3d5705b0ff7a,2014-09-12 11:15:07,,
530,,1898,5,ef99baf9-922b-4634-a430-647b1063e0e0,2014-09-12 11:15:07,,
531,,1456,5,5b99c621-4b4d-4af2-a1c1-7ed552f53c57,2014-09-12 11:15:07,,
532,,960,6,60e33181-3ee5-4f24-b543-90f7ca6cfdc2,2014-09-12 11:15:07,,
533,,1896,6,89e3bbb3-134c-465b-a2bd-558ea54d3d9e,2014-09-12 11:15:07,,
534,,1454,6,24a6a509-b31c-49f5-bf0d-6a0c40b5b740,2014-09-12 11:15:07,,
535,,962,7,6a937150-8ab4-4526-a5bf-70caabe12fc6,2014-09-12 11:15:07,,
536,,1250,8,7011f5cd-ba44-42a1-a0dd-324c3238baf9,2014-09-12 11:15:07,,
537,,1452,9,21ec149d-266a-4b80-8d35-f49be8a57f06,2014-09-12 11:15:07,,
538,,534,10,35e95974-7000-4081-a041-64011de880a2,2014-09-12 11:15:07,,
539,,1248,2,664067f5-4c17-49e0-ae44-775aeb6f23e2,2014-09-12 11:15:07,,
540,,1450,2,d0efcb7c-d0b6-4e7f-8c63-1e00e7938929,2014-09-12 11:15:07,,
541,,536,1,889515ac-044f-41e5-9d12-b82d6e32eab6,2014-09-12 11:15:07,,
542,,1246,1,6af61284-02df-41ba-a0e0-2b1728b2cf7a,2014-09-12 11:15:07,,
543,,1448,3,c26f1f97-af69-4f04-90eb-cad58466f730,2014-09-12 11:15:07,,
544,,308,3,70259e78-e301-494b-b26d-40d663dbb3de,2014-09-12 11:15:07,,
545,,1244,4,7118ca63-b79e-4e8a-b70d-7df409b7f23a,2014-09-12 11:15:07,,
546,,1242,3,298de006-bed6-4e13-b659-3f9422750943,2014-09-12 11:15:07,,
547,,1446,4,522cda1c-21b1-4316-8fd6-654eb8a043bd,2014-09-12 11:15:07,,
548,,310,5,ab8e25b5-9f56-4482-98f2-5dbb212cf679,2014-09-12 11:15:07,,
549,,1240,5,c15a76f4-2dfe-44e2-958b-4347c4e37c14,2014-09-12 11:15:07,,
550,,1444,6,defe32c0-e965-40ee-a991-69dca4bedce6,2014-09-12 11:15:07,,
551,,312,6,85a3a976-a059-4fb9-bab9-569c4ead0869,2014-09-12 11:15:07,,
552,,1238,6,b6d14407-6e95-452d-9ed4-d72d111a5be7,2014-09-12 11:15:07,,
553,,1442,7,0f25342a-f34f-4537-acbf-37051f4e9ddd,2014-09-12 11:15:07,,
554,,314,8,ea6040dc-0651-4f25-ae9d-dbeef5757609,2014-09-12 11:15:07,,
555,,350,9,5f257e9e-661f-4d55-9b92-120c96d59088,2014-09-12 11:15:07,,
556,,1440,10,af0745df-2902-4bde-9f2b-48ca6a81ceef,2014-09-12 11:15:07,,
557,,328,2,adb9d8cd-5614-4d68-a71d-102a28726938,2014-09-12 11:15:07,,
558,,344,2,e235c0e3-895d-4e0a-8b71-1807fb4537e2,2014-09-12 11:15:07,,
559,,1438,1,487edb3a-23a8-4d1d-b1ff-fcddcbdbc97e,2014-09-12 11:15:07,,
560,,330,1,b4402fbc-ade6-41e7-baef-11bf1157f658,2014-09-12 11:15:07,,
561,,342,4,e8c7ff14-1bed-4405-8e3a-b744c8a29cd8,2014-09-12 11:15:07,,
562,,1436,3,cdfd5261-ba2c-46d1-9ce3-d083483a5cd2,2014-09-12 11:15:07,,
563,,338,4,64a38f14-8b74-4798-91a0-56cb5d01ad1d,2014-09-12 11:15:07,,
564,,336,1,7f79ff5a-e220-46f7-bec3-e6ffdabebb2c,2014-09-12 11:15:07,,
565,,458,4,795fed3e-6216-4f65-870b-aca2e485ad97,2014-09-12 11:15:07,,
566,,340,5,30b819a4-ac5f-4e4f-a3c8-11d78df183a3,2014-09-12 11:15:07,,
567,,334,5,4d00d4d6-11d3-4d79-a3a5-9256adc87c63,2014-09-12 11:15:07,,
568,,1112,6,4ce1f27a-361e-4c9d-9c89-d5e0104ebb96,2014-09-12 11:15:07,,
569,,346,6,3bc5888d-dab7-44ea-91db-a50e0ec70ba5,2014-09-12 11:15:07,,
570,,332,6,8f7e5659-ca92-4048-baff-f4b6e80a8801,2014-09-12 11:15:07,,
571,,1114,7,666a1166-84fc-4e16-8a0c-d8df42f9a865,2014-09-12 11:15:07,,
572,,876,8,b42e4ccc-7ad3-4070-baa3-68ffff09ff1c,2014-09-12 11:15:07,,
573,,300,9,fa67448c-1af6-4f9b-95ce-71dd35604992,2014-09-12 11:15:07,,
574,,1116,10,570c76db-c00e-420c-af27-40e55457ffd4,2014-09-12 11:15:07,,
575,,878,2,18aa89aa-feff-45a5-9f0f-9c18523fdc6c,2014-09-12 11:15:07,,
576,,298,2,566e9fad-966f-4f9f-b9b0-d848eea5b7ac,2014-09-12 11:15:07,,
577,,1118,1,4fd75307-57e3-44b4-99f7-fb0206f5222e,2014-09-12 11:15:07,,
578,,880,1,82b2f273-c9f6-4b40-b0da-f1ae0d6cb581,2014-09-12 11:15:07,,
579,,296,3,ada28df5-683f-47e6-9d05-7c22dd329440,2014-09-12 11:15:07,,
580,,1120,4,fe870de4-818a-495d-ba9e-875cb8212233,2014-09-12 11:15:07,,
581,,882,4,de11580b-02d7-4db2-aeec-eca3e3ccfdc9,2014-09-12 11:15:07,,
582,,294,4,d05ccf47-0563-44ee-8cc9-ecbc5a5a3beb,2014-09-12 11:15:07,,
583,,1796,4,16acf91d-ef89-41cc-86ce-72a39b05e97d,2014-09-12 11:15:07,,
584,,884,5,dd422718-245e-4667-9632-40db67fa70ae,2014-09-12 11:15:07,,
585,,292,5,e50ef6bd-5176-476c-92df-57f22508d085,2014-09-12 11:15:07,,
586,,1798,6,a99cae9b-1011-4551-976c-ec06a5edf5d7,2014-09-12 11:15:07,,
587,,886,6,d4d20d5d-c11e-41d9-8fb7-11cc69aa3fe4,2014-09-12 11:15:07,,
588,,668,6,41dddc8e-86e3-4073-9868-25dcf32918b3,2014-09-12 11:15:07,,
589,,1800,7,412d4ba0-0a0b-4228-bcb8-7682e52d0baa,2014-09-12 11:15:07,,
590,,888,8,00648de8-62f2-46e2-af4b-fb23d0d90642,2014-09-12 11:15:07,,
591,,666,9,41da486f-2232-4b7c-b54a-1fbf4c5299d5,2014-09-12 11:15:07,,
592,,1802,10,13f01a4d-69be-4dc7-9bfc-2339b0011d37,2014-09-12 11:15:07,,
593,,890,2,7bca67b7-833d-40c4-84d9-2e0feeb6726a,2014-09-12 11:15:07,,
594,,664,2,147692e6-80fe-492f-97f6-51d9c5aa0c36,2014-09-12 11:15:07,,
595,,1804,1,9c979e0c-9613-4d25-a2fb-f11db162fe11,2014-09-12 11:15:07,,
596,,892,1,45e57628-05c0-4cf7-b920-446db8449713,2014-09-12 11:15:07,,
597,,1100,4,544a635a-dbdf-4352-8654-eac27dc3b3e0,2014-09-12 11:15:07,,
598,,1806,3,677da2fb-a3ef-4eb3-a520-23afbbf29226,2014-09-12 11:15:07,,
599,,652,4,3b2d46ba-b6e4-44cb-8148-1217a3ccfa89,2014-09-12 11:15:07,,
600,,1098,4,676f1fb0-e203-4e91-a603-b23a7916a565,2014-09-12 11:15:07,,
601,,1808,1,9b833b71-5745-4582-a38d-8c23a0dd4837,2014-09-12 11:15:07,,
602,,654,5,6417a09c-2e36-4378-b394-1dd9a6b55ee1,2014-09-12 11:15:07,,
603,,1096,5,c9b15ef9-6408-4e15-ad44-987c125cb42a,2014-09-12 11:15:07,,
604,,1810,1,16a45c72-62fb-4a9f-bae7-bfea490bd4c4,2014-09-12 11:15:07,,
605,,656,1,0938b90f-1dc9-4f5e-b37d-3dff2dbcd276,2014-09-12 11:15:07,,
606,,1094,3,efb59c1a-467f-4946-bce9-72ea3e3e2236,2014-09-12 11:15:07,,
607,,1812,4,0592bd1d-8a90-4bbc-a5fa-5b10b60b6a3f,2014-09-12 11:15:07,,
608,,478,4,2405c543-8822-44ad-98c6-6fb653fd9a07,2014-09-12 11:15:07,,
609,,1092,4,907af75b-4dbd-4e50-a0c8-3205595987b4,2014-09-12 11:15:07,,
610,,1814,4,383ebd5e-a839-4fc1-95bf-c40ff1245204,2014-09-12 11:15:07,,
611,,480,5,778678cf-63d6-40cf-bf2d-86d351c0ca9c,2014-09-12 11:15:07,,
612,,1090,5,b0ea749c-e28d-409b-b2a2-9409ccf9bfc2,2014-09-12 11:15:07,,
613,,1816,6,05b7b25a-0e97-4f07-9a87-0627f354a45f,2014-09-12 11:15:07,,
614,,482,7,e3ee0533-73c5-4c04-9a57-a18acb731d4f,2014-09-12 11:15:07,,
615,,1088,8,02920412-a161-419a-859d-8baff2eb1386,2014-09-12 11:15:07,,
616,,1818,9,b978d534-47e9-4386-80ad-1bf256b8fefe,2014-09-12 11:15:07,,
617,,1122,10,44f580c3-4d01-41c8-964d-24de6cbe51fc,2014-09-12 11:15:07,,
618,,1086,2,8ee36249-427e-4c11-b909-0a16bf80fbcf,2014-09-12 11:15:07,,
619,,1820,2,d042ff4c-898d-4f53-b14f-1cd6f7f00d6d,2014-09-12 11:15:07,,
620,,1124,1,401c7b5f-4ff0-4e29-9102-319cb883c11d,2014-09-12 11:15:07,,
621,,1084,1,a8acf94d-2b05-4ef4-96ea-87b3466619c5,2014-09-12 11:15:07,,
622,,1822,3,e9a23e4b-7efe-43ad-9b10-789511309827,2014-09-12 11:15:07,,
623,,1126,3,9def17d4-b251-405f-a854-70a33debbbe9,2014-09-12 11:15:07,,
624,,1082,4,eb4b75a2-ca46-4b7d-bcbb-eaa8d41e8659,2014-09-12 11:15:07,,
625,,1824,4,8e200319-3dbd-43a6-8aaa-82d7866314a9,2014-09-12 11:15:07,,
626,,1128,1,03363cf0-df23-4060-b0e1-e023cdf7be08,2014-09-12 11:15:07,,
627,,1080,5,ba3634d3-e69c-4dd5-8de7-990a163a433b,2014-09-12 11:15:07,,
628,,1826,5,af7d3e65-4616-413e-9653-04c8afcc4613,2014-09-12 11:15:07,,
629,,1130,6,2b7a6ff6-7bd4-4e4e-896c-42a76ac54270,2014-09-12 11:15:07,,
630,,1078,6,05b08b9b-b1ea-469e-b314-c43e5a3efe1a,2014-09-12 11:15:07,,
631,,1364,6,fb9dc661-95e0-4e69-9af7-4122cb8aa87a,2014-09-12 11:15:07,,
632,,1958,7,68adce22-0f2e-4d7d-9b70-6a59a68a494c,2014-09-12 11:15:07,,
633,,1076,8,d40f6a52-5e98-407b-8630-d54f13c46dec,2014-09-12 11:15:07,,
634,,1366,9,c2c156f1-4096-47c4-9979-baac98afe790,2014-09-12 11:15:07,,
635,,1960,10,7f84ff66-311c-4396-a5ba-d2470eaada21,2014-09-12 11:15:07,,
636,,1074,2,db14028f-1c36-4f29-a2f9-1f1986c38776,2014-09-12 11:15:07,,
637,,1368,6,65c25750-c07b-431c-9519-bbcaa7aa6b34,2014-09-12 11:15:07,,
638,,1962,7,44c8b67b-30e5-4b4e-9bc0-c3884877d47b,2014-09-12 11:15:07,,
639,,1072,8,444348ef-7b08-4ac7-924c-1baff2a83b4d,2014-09-12 11:15:07,,
640,,1370,9,8ab2c195-e95a-45de-b0d1-02f13d20d0b0,2014-09-12 11:15:07,,
641,,1964,10,321ebc1b-7b5a-449c-8288-26ad3a2d1caa,2014-09-12 11:15:07,,
642,,1070,2,b63bb804-b28a-4948-b3c5-557d548bb1dd,2014-09-12 11:15:07,,
643,,1372,3,a7b5b085-69a9-47d6-bd8c-262910496bbf,2014-09-12 11:15:07,,
644,,1966,1,9ccd22e6-5acf-4378-ba69-1fe722239354,2014-09-12 11:15:07,,
645,,1068,1,6aa86a45-3e16-4c00-ab99-1e429a1c4026,2014-09-12 11:15:07,,
646,,1374,3,78d632cb-9993-46ac-aa5c-45b2f807f681,2014-09-12 11:15:07,,
647,,1968,4,f36e88f4-27e1-4636-9bd4-24daf44c4141,2014-09-12 11:15:07,,
648,,1066,4,a47d117d-1878-4160-8a37-0b1581d441d6,2014-09-12 11:15:07,,
649,,1376,4,6e4f5184-9ca2-4009-a867-331db4b4628a,2014-09-12 11:15:07,,
650,,1970,1,d903d48a-5b03-472e-b802-8500a3c81305,2014-09-12 11:15:07,,
651,,1064,5,7f19db94-95f5-4565-87ec-14d04a27d35f,2014-09-12 11:15:07,,
652,,1378,5,ab7cfe0e-3d01-4eac-a5f8-5e12b9e65984,2014-09-12 11:15:07,,
653,,1972,6,8bdb709b-17bf-4604-a512-26dce6ef0443,2014-09-12 11:15:07,,
654,,1062,6,1a357cac-e4f2-4880-be31-487d92071128,2014-09-12 11:15:07,,
655,,1060,6,35645d53-ff5d-4a0e-9f3a-8024a0d90726,2014-09-12 11:15:07,,
656,,1380,7,71eb335f-005c-4539-8718-fb1c257bc9ef,2014-09-12 11:15:07,,
657,,1974,8,a4023d53-c9d5-4bce-a366-7b185da6a92f,2014-09-12 11:15:07,,
658,,1058,9,226f159e-8716-4b8b-b058-a53e81118822,2014-09-12 11:15:07,,
659,,1382,10,a2098f7b-3d3a-4894-90d7-c79c118845d5,2014-09-12 11:15:07,,
660,,1976,3,9b35a7e0-c72f-4c28-9ef9-9a8124df7215,2014-09-12 11:15:07,,
661,,1056,6,ac14c556-2fcc-4578-ad66-d2f31fca6c51,2014-09-12 11:15:07,,
662,,1384,7,6712ff8a-6c37-4331-a4ed-19e2035ab0e5,2014-09-12 11:15:07,,
663,,420,8,c9cf0f86-efac-4291-94f2-55bb3d779c43,2014-09-12 11:15:07,,
664,,1054,9,5463f242-1cb0-42ed-b5f7-0c22b9929096,2014-09-12 11:15:07,,
665,,1386,10,1fbccc49-197b-4a5f-9aad-42b8ae9ee999,2014-09-12 11:15:07,,
666,,422,2,122555b3-7de3-4960-a9a3-0d19392e54f3,2014-09-12 11:15:07,,
667,,1052,2,5f6d21d3-e8d9-4d8a-8bf1-f52f660252d1,2014-09-12 11:15:07,,
668,,1388,1,91a24a87-81ce-4bdb-b233-0cc9936ccb5a,2014-09-12 11:15:07,,
669,,822,1,c8d30fd5-43d3-4d5c-b54e-3561113caf43,2014-09-12 11:15:07,,
670,,1050,3,f1d69fbe-3932-4b31-a092-6c778d9cd194,2014-09-12 11:15:07,,
671,,1390,4,bf1718c1-a06b-49d9-affa-b445e82b2b9a,2014-09-12 11:15:07,,
672,,824,1,6c3f1514-0e59-467c-ad84-1fcab936e521,2014-09-12 11:15:07,,
673,,1048,1,45cf2a2c-3d06-45f4-9009-fcd4abc19427,2014-09-12 11:15:07,,
674,,1392,4,821ff209-815b-4eaa-806f-9106f3fe9424,2014-09-12 11:15:07,,
675,,826,5,203f7c3a-5bb6-4b58-babf-7ef30292c4f6,2014-09-12 11:15:07,,
676,,1046,5,2aa331a0-6448-4ea9-9a92-0ebf254bdcd3,2014-09-12 11:15:07,,
677,,1394,6,143625ed-18d6-43ed-a1c9-ba18bb5f80c9,2014-09-12 11:15:07,,
678,,828,6,9ae2b1f8-8f7d-4439-99fe-2b67e38de4ee,2014-09-12 11:15:07,,
679,,1044,6,dafe6766-1849-4209-9379-4eae7a05b932,2014-09-12 11:15:07,,
680,,1396,7,9e10d007-b1c1-486f-90cd-4d24bc2396bd,2014-09-12 11:15:07,,
681,,830,8,3b3a9b99-9931-43de-8d4e-713853dd764f,2014-09-12 11:15:07,,
682,,1042,9,2f4b1557-8a9a-45f4-be71-962878e5b360,2014-09-12 11:15:07,,
683,,1398,10,243ef1f5-74d0-4e3c-9b0d-c7aa926f3d64,2014-09-12 11:15:07,,
684,,832,2,673881bf-eb36-4e92-ba45-1f109cfdccbd,2014-09-12 11:15:07,,
685,,1040,6,8559a2d6-b981-41b4-85f9-5507bff4dd6e,2014-09-12 11:15:07,,
686,,1400,7,e3540d69-58e5-4171-800b-44b6253ef411,2014-09-12 11:15:07,,
687,,834,8,360f6a77-2b9b-4863-8c55-8f570f525092,2014-09-12 11:15:07,,
688,,1038,9,ff416568-8635-4c21-b8a0-82494c57f1e2,2014-09-12 11:15:07,,
689,,1402,10,af583e23-093c-4232-b886-a1ee64bcd3c9,2014-09-12 11:15:07,,
690,,836,2,be9d4cd7-a224-48a1-b599-720b07043949,2014-09-12 11:15:07,,
691,,1036,2,6c7f3484-142c-425a-a0f9-ba2201079a5c,2014-09-12 11:15:07,,
692,,802,1,9ee96279-78d5-49b7-ac4a-1c43cfb80249,2014-09-12 11:15:07,,
693,,838,1,3b38d4cb-9573-4686-a202-9179dbefc7b8,2014-09-12 11:15:07,,
694,,1034,3,d3e874dc-a10c-4055-b943-9dbd5cfe8c89,2014-09-12 11:15:07,,
695,,638,3,77a62d9c-4ed6-4266-ae35-40cc330acc5e,2014-09-12 11:15:07,,
696,,840,1,a0140dd4-4d10-4091-9d89-95873dae9bb7,2014-09-12 11:15:07,,
697,,1032,1,b30ce5b4-bbfa-4a57-b5c2-eed1ef13e0be,2014-09-12 11:15:07,,
698,,640,1,6bc4ff5a-0696-4c2a-88f9-08d1dba91b74,2014-09-12 11:15:07,,
699,,842,5,38a528aa-0402-4ed9-abbb-983bceb37d40,2014-09-12 11:15:07,,
700,,1030,5,540fb57f-f81a-4794-8e9a-c071c4f0bc18,2014-09-12 11:15:07,,
701,,844,6,61ae9625-8bd8-48b7-b171-8a90cbba494c,2014-09-12 11:15:07,,
11000,13531,,9,477586b3-2977-4e54-b1a8-569ab2c7c4d4,2014-09-12 11:15:07,,
11001,5454,,9,c32a8084-9077-4f13-9738-1e2da7c1dcd9,2014-09-12 11:15:07,,
11002,11269,,9,45715dd8-2f57-4a39-beb4-6a8f99d59794,2014-09-12 11:15:07,,
11003,11358,,9,7e240efc-7ee6-4814-93a8-269821157e18,2014-09-12 11:15:07,,
11004,11901,,9,61ccb4d0-2328-4bbb-aef9-e7e0b0fdd67a,2014-09-12 11:15:07,,
11005,6990,,9,c3057568-1851-4728-aeae-65683458f474,2014-09-12 11:15:07,,
11006,6229,,9,5fdd038a-9b9c-4cd5-aca6-de2778a79ee9,2014-09-12 11:15:07,,
11007,3878,,9,af6b5314-8fee-4464-984b-0d2ba9b369d0,2014-09-12 11:15:07,,
11008,14673,,9,d7e429f4-6e67-48ac-bbf9-45ecb5ec0f28,2014-09-12 11:15:07,,
11009,20229,,9,aa4fc27f-b78c-4223-bdba-cfd3e3df8884,2014-09-12 11:15:07,,
11010,6377,,9,13eb4393-a5cc-4481-b8fd-e47118445fa6,2014-09-12 11:15:07,,
11011,18258,,9,7e72d957-ca34-4aeb-9213-1302d24a949f,2014-09-12 11:15:07,,
11012,11663,,1,2fc32ad9-a7e0-4505-9ba8-e5d2fb46ae4d,2014-09-12 11:15:07,,
11013,13873,,1,02d51f2d-a991-4c17-8139-b14d84c317aa,2014-09-12 11:15:07,,
11014,2868,,1,4272becd-8f4f-4776-b45e-432967565198,2014-09-12 11:15:07,,
11015,10963,,4,f791bd74-eb82-4631-b9fc-f9fee621fd13,2014-09-12 11:15:07,,
11016,3800,,4,023843ca-25fb-42bf-ac37-faf6f4120dac,2014-09-12 11:15:07,,
11017,2521,,9,beeb1f0c-84b2-4b63-ae28-b7d02f10924e,2014-09-12 11:15:07,,
11018,7394,,9,4400ee2f-3b7e-480c-b02b-cffbf4aab6ec,2014-09-12 11:15:07,,
11019,5132,,6,794fad9a-063a-4c68-9bb0-fc956039cc66,2014-09-12 11:15:07,,
11020,17128,,6,64af6f89-c0ce-4b1c-8bba-8c605efd5712,2014-09-12 11:15:07,,
11021,11489,,1,12ce448e-038f-4c54-a3f7-c9f0dc9ee66d,2014-09-12 11:15:07,,
11022,6522,,1,25d8cc95-225b-41b3-a666-457c80245126,2014-09-12 11:15:07,,
11023,4373,,4,a2833bd8-44a8-4665-808e-33e19ecd7f54,2014-09-12 11:15:07,,
11024,16843,,4,ee8eebf8-117c-4027-873d-6113b0e97489,2014-09-12 11:15:07,,
11025,12565,,9,379ab480-4d1a-4a41-b0fc-eb6f9ccb69ce,2014-09-12 11:15:07,,
11026,2857,,9,e0834203-936e-4403-a732-3213d27ea4c7,2014-09-12 11:15:07,,
11027,5526,,9,e7368285-fad6-4d30-b4e4-1640714c887e,2014-09-12 11:15:07,,
11028,15088,,9,285348ed-bb45-47a4-8e24-01afc59e582d,2014-09-12 11:15:07,,
11029,15638,,9,f5e08136-6ec8-4e36-b847-1c28e252073a,2014-09-12 11:15:07,,
11030,17272,,9,c3024273-59f4-4efd-8ed9-71cac3047bcb,2014-09-12 11:15:07,,
11031,13917,,9,0b39fd05-f72a-40d6-96eb-1cdc0f40e554,2014-09-12 11:15:07,,
11032,16240,,9,b99e8c9c-40c2-4f71-b1f8-c7257f747022,2014-09-12 11:15:07,,
11033,9475,,9,d53773f1-4a6d-4976-9579-b7276371c356,2014-09-12 11:15:07,,
11034,9657,,9,ff1c2d92-9767-4bb4-908e-b64996816b8f,2014-09-12 11:15:07,,
11035,13948,,9,064d6203-b7dd-4876-9e19-e1d1f0a84c09,2014-09-12 11:15:07,,
11036,20539,,4,2e40beaf-4a55-4e4d-a87d-009cc27d4378,2014-09-12 11:15:07,,
11037,11014,,6,08e861e0-7ee8-4e09-bb02-d766b4480608,2014-09-12 11:15:07,,
11038,18643,,9,ca85bef7-bc8e-41ba-b8c7-0dd06db5d55a,2014-09-12 11:15:07,,
11039,15676,,9,6bd36822-5f3a-4094-bef7-238ff4b7bd09,2014-09-12 11:15:07,,
11040,15080,,1,efc21923-9d03-4e94-a18a-7100cc2453f4,2014-09-12 11:15:07,,
11041,9940,,4,29d5478f-d80d-4eba-b28a-dde2b25be2a6,2014-09-12 11:15:07,,
11042,19075,,4,3dd544eb-b89b-476e-b27b-b295ca8bd496,2014-09-12 11:15:07,,
11043,5960,,4,8ac7779c-c7da-4e4a-8f56-24282eaa2c6a,2014-09-12 11:15:07,,
11044,5244,,9,f7691b2e-2209-4649-a3dc-2bc9a77349ea,2014-09-12 11:15:07,,
11045,5225,,9,ee86de3e-fc4e-499a-be1e-53c3c25427f1,2014-09-12 11:15:07,,
11046,19870,,9,3903b00b-9211-4be0-83d5-8ec81db91978,2014-09-12 11:15:07,,
11047,12928,,9,8f13743a-daac-49ac-93f1-81a18e8a3c45,2014-09-12 11:15:07,,
11048,13513,,9,47466437-baff-4fdb-9cb3-43cd63c44090,2014-09-12 11:15:07,,
11049,8749,,4,f00281d9-bf3e-4776-b4e6-cbe3166d3610,2014-09-12 11:15:07,,
11050,17337,,9,0cc04139-c798-44e8-8925-68aaa2eb6bcf,2014-09-12 11:15:07,,
11051,18655,,9,bac01663-677f-4ee2-becb-b993f3014dad,2014-09-12 11:15:07,,
11052,15276,,9,00d626d5-0cb2-4ef9-9bbe-72dd461b8dbb,2014-09-12 11:15:07,,
11053,7430,,4,1264c3bd-3a2e-434b-92e0-81ada7755673,2014-09-12 11:15:07,,
11054,9790,,9,cfa862ab-059f-469a-b5c4-79316ebb12aa,2014-09-12 11:15:07,,
11055,9489,,9,2144e3b6-1a61-40b3-8f15-adab24a50672,2014-09-12 11:15:07,,
11056,8428,,9,b1d5e176-89a5-4bd9-ab70-7383f59942f6,2014-09-12 11:15:07,,
11057,16962,,9,9cfb6105-3600-429b-94d3-b43b3b8c17e2,2014-09-12 11:15:07,,
11058,15681,,9,373a05a2-0fc7-4eec-a424-13580486b3db,2014-09-12 11:15:07,,
11059,8960,,9,cd00fb6e-f051-4b9c-b146-0c56f948f9b0,2014-09-12 11:15:07,,
11060,13542,,9,da28e6a2-4f81-431a-b962-70d20b0e2488,2014-09-12 11:15:07,,
11061,18220,,9,6941b86b-cd2e-4e0a-9020-bf1b2c53d3eb,2014-09-12 11:15:07,,
11062,6096,,1,7876d82c-9ced-4334-826e-9a911cca9507,2014-09-12 11:15:07,,
11063,8821,,1,5adab70b-f46c-46e0-8def-c888bcc6faee,2014-09-12 11:15:07,,
11064,15436,,4,75b5807f-b282-4500-85cc-f96895adeb40,2014-09-12 11:15:07,,
11065,3510,,4,253ee85e-a5eb-49a5-a490-45ca22f02643,2014-09-12 11:15:07,,
11066,19662,,1,22a33534-822c-4d8e-ad54-fce02e94465b,2014-09-12 11:15:07,,
11067,16424,,1,cb56b16e-70df-40fc-a8d4-7969a307933e,2014-09-12 11:15:07,,
11068,2676,,9,23a9567a-6ec9-49ac-94d0-be7807e0128e,2014-09-12 11:15:07,,
11069,10008,,9,e7a66f60-ab99-431d-a66b-267a85d51520,2014-09-12 11:15:07,,
11070,13417,,9,c74bf39a-db2d-4d88-9dd2-04d1b993075f,2014-09-12 11:15:07,,
11071,13827,,9,30e32fbd-fbc2-46ea-8535-c71ee1571604,2014-09-12 11:15:07,,
11072,16284,,9,ab4719bf-5d30-4a5e-89db-cf04632d645b,2014-09-12 11:15:07,,
11073,20712,,9,41b52ce5-5734-4556-8540-51fb9957a9ad,2014-09-12 11:15:07,,
11074,7914,,9,dfd70f77-99c7-4d4d-b176-cfbb57a1044d,2014-09-12 11:15:07,,
11075,14267,,9,0771c4ac-3393-45c9-bcaa-3cb64322bedb,2014-09-12 11:15:07,,
11076,4157,,9,ef4a862e-2fb9-46a0-84fb-d10df2acb92e,2014-09-12 11:15:07,,
11077,17455,,9,6d7e8f4b-da6c-47cc-95c1-a0fac94af1a4,2014-09-12 11:15:07,,
11078,15039,,6,1ac61514-d3c9-4272-a9bd-fbab52014150,2014-09-12 11:15:07,,
11079,20058,,9,d1fda7e1-b46d-421e-9898-4e54633bd269,2014-09-12 11:15:07,,
11080,14268,,9,232af4c6-2995-4e5e-88e2-2afda2f9e969,2014-09-12 11:15:07,,
11081,10369,,4,ec76b3be-c08a-41f6-8a26-6603625ce2ee,2014-09-12 11:15:07,,
11082,7672,,4,114bc13b-09ae-4ee6-8551-3a3dab78ccbc,2014-09-12 11:15:07,,
11083,20135,,4,1f94dc32-8d2f-4daa-8845-e4f2551a4f67,2014-09-12 11:15:07,,
11084,4281,,1,c6a0a93d-acd5-457a-82d0-c6d48ba1916c,2014-09-12 11:15:07,,
11085,12219,,4,a7c535ea-9948-4afe-aeb4-921a8cf8f427,2014-09-12 11:15:07,,
11086,17979,,4,281b0ad7-8e06-4405-8346-65eaaeff5489,2014-09-12 11:15:07,,
11087,11871,,4,9f25228f-3c0d-4fe4-98e6-31c87bf08443,2014-09-12 11:15:07,,
11088,17897,,4,1591bf76-d1b7-4b3c-85cc-54e492a2aed9,2014-09-12 11:15:07,,
11089,3950,,4,d0cc40a9-62af-4ce3-8798-115aa959d406,2014-09-12 11:15:07,,
11090,12846,,4,267b777d-7e62-42ee-bf32-24fd1df21876,2014-09-12 11:15:07,,
11091,4515,,6,1b0b673b-4623-4a49-99bd-1a6577efda28,2014-09-12 11:15:07,,
11092,6174,,9,85e8a779-08ae-4268-8bec-87249af5bb13,2014-09-12 11:15:07,,
11093,5827,,9,acbf47bc-662b-48fe-9a67-ae2d3e7fa093,2014-09-12 11:15:07,,
11094,3504,,9,affb72a8-6585-428a-a312-ba2888755a2d,2014-09-12 11:15:07,,
11095,20332,,9,aaa340f3-c61c-4dba-91bd-f6cf3858dbc5,2014-09-12 11:15:07,,
11096,5114,,9,c85a309f-5ec7-4e3b-b48c-7f9995b3086f,2014-09-12 11:15:07,,
11097,13205,,9,0140eec0-0441-471d-aa89-d29154a4d9bc,2014-09-12 11:15:07,,
11098,5986,,9,af4c1e1b-31c7-4d33-a997-84d79f132efa,2014-09-12 11:15:07,,
11099,5231,,9,b06557e9-390d-457e-9661-b79f8f972d1e,2014-09-12 11:15:07,,
11100,6138,,9,f36988b9-ccf4-4cbc-a8d8-e996a570aed9,2014-09-12 11:15:07,,
11101,17810,,9,8c4d6959-277a-46f4-a4d2-d254a8202ba2,2014-09-12 11:15:07,,
11102,9866,,9,2d193429-e624-49bc-95a2-cade7eff6a59,2014-09-12 11:15:07,,
11103,8905,,9,a482d6ed-7177-4dd7-9808-a52e71e94570,2014-09-12 11:15:07,,
11104,8139,,9,9241e404-efdc-4e01-a6c0-2cf667a9ab2d,2014-09-12 11:15:07,,
11105,15430,,9,9dc573c2-6b77-4b07-b386-74f0708b7c14,2014-09-12 11:15:07,,
11106,5510,,9,78fe7eb6-d1a4-46a2-8fd7-d389b923209e,2014-09-12 11:15:07,,
11107,4781,,9,f2f37d5b-0e21-4786-83b2-edbf1983ba4c,2014-09-12 11:15:07,,
11108,10536,,9,1fe196d3-ce57-45b4-9fba-e836f1b42a32,2014-09-12 11:15:07,,
11109,11186,,9,6a4fbb68-0869-4eb2-bc87-ea1680377e5e,2014-09-12 11:15:07,,
11110,18247,,9,f7b2358e-a22c-4c6e-9676-1b49bc79505d,2014-09-12 11:15:07,,
11111,10647,,9,57f03d9c-ebc9-48d9-a120-69ef65d5f461,2014-09-12 11:15:07,,
11112,20739,,9,1d29be0a-ccfe-4dca-9a49-9bc394910234,2014-09-12 11:15:07,,
11113,14592,,9,440d5a76-e1c8-42a0-85c7-ca3387b1f27c,2014-09-12 11:15:07,,
11114,18519,,9,0141bdcc-508b-4319-b183-ff5c8fdf8280,2014-09-12 11:15:07,,
11115,4765,,9,722196b3-8fc2-41ec-9b30-6144020f06a4,2014-09-12 11:15:07,,
11116,14638,,9,016e11e1-d016-4130-bd92-09f41b1fbbb4,2014-09-12 11:15:07,,
11117,20526,,9,0670c832-879b-4c2e-a589-e2744a4200be,2014-09-12 11:15:07,,
11118,4788,,9,007215c1-7bac-4168-a270-7fe030f0eb3d,2014-09-12 11:15:07,,
11119,14595,,9,efee13a6-9c14-4483-98ad-813be0d54e73,2014-09-12 11:15:07,,
11120,6073,,9,23d1892e-6e16-442f-892f-98d14772696f,2014-09-12 11:15:07,,
11121,19001,,9,d99c478d-e916-4cb6-bd97-8f6480f97069,2014-09-12 11:15:07,,
11122,19748,,9,1320d507-ef8e-4371-99c3-fe71783e4fc3,2014-09-12 11:15:07,,
11123,19185,,9,e440c90e-360e-4468-8082-08235630480d,2014-09-12 11:15:07,,
11124,11743,,9,1ca41333-a7d9-45cb-b7a9-dd82de28707a,2014-09-12 11:15:07,,
11125,17820,,9,73c45b55-8ab5-4aae-80bf-0356896c2f45,2014-09-12 11:15:07,,
11126,17105,,9,8a62c611-387e-405e-8acf-a8879ab673cf,2014-09-12 11:15:07,,
11127,9367,,4,b4cf8684-97e8-49d4-a243-7170d181f0e2,2014-09-12 11:15:07,,
11128,12533,,1,178c170d-643f-419b-8c4f-c10a75b091fa,2014-09-12 11:15:07,,
11129,10538,,1,4dd69edb-97fa-4ae6-93c4-ceab36064fd2,2014-09-12 11:15:07,,
11130,6801,,1,936ea915-f6db-4511-baba-07a6e90e7a8e,2014-09-12 11:15:07,,
11131,3003,,6,d3c8a7db-1052-4975-a505-96486c3933e6,2014-09-12 11:15:07,,
11132,8490,,6,186f5d96-7176-46df-84b0-b184bbb9a91b,2014-09-12 11:15:07,,
11133,7681,,1,5ae3f497-6cdb-4234-8e85-5e04e0dd907d,2014-09-12 11:15:07,,
11134,18439,,9,595dbc78-ad36-428b-bdd0-bcdc93b4fdfe,2014-09-12 11:15:07,,
11135,4624,,4,3120f812-62c8-4011-b4c8-4bfa6e3ac047,2014-09-12 11:15:07,,
11136,19196,,6,65edeb34-ac8a-42a2-959a-a07a0a8776c1,2014-09-12 11:15:07,,
11137,11395,,1,e1eab021-ad25-41be-9e29-95db2c894e17,2014-09-12 11:15:07,,
11138,11623,,4,2455fdc7-4d30-4ba1-9263-2e963cba0b16,2014-09-12 11:15:07,,
11139,14017,,9,7d11b164-2d4b-499e-a3e0-c0250d4ff606,2014-09-12 11:15:07,,
11140,13623,,4,f49dcc7c-f543-4685-bf92-3bef790c46bf,2014-09-12 11:15:07,,
11141,19930,,4,5e43961d-be98-4109-a992-14095a3b852d,2014-09-12 11:15:07,,
11142,13742,,6,654800a7-feb0-44cd-afb9-bae5e9b01a0d,2014-09-12 11:15:07,,
11143,6401,,4,7337bcf6-fcc1-409d-9b37-8ab6f5533c1c,2014-09-12 11:15:07,,
11144,4268,,1,4904d406-e2be-4f9a-a17c-b29fa7b7ff04,2014-09-12 11:15:07,,
11145,19848,,1,b28743c9-39a3-4cb8-97de-ecce4eb280d7,2014-09-12 11:15:07,,
11146,3532,,9,255f3782-fd83-491c-9745-e4b15be78e2a,2014-09-12 11:15:07,,
11147,6463,,9,e36a142c-e1a8-47e8-82c5-174ba3b351b3,2014-09-12 11:15:07,,
11148,11820,,9,c07c2fe1-750c-4398-992d-99cf33908548,2014-09-12 11:15:07,,
11149,6747,,9,f46991db-7958-46e7-b49e-109bc51b5fec,2014-09-12 11:15:07,,
11150,16842,,9,5b0ead90-2038-4f92-a832-02c6b70816ee,2014-09-12 11:15:07,,
11151,14076,,9,ff4a8dbf-660d-4c56-9cb4-84052c76b1ed,2014-09-12 11:15:07,,
11152,17585,,1,5ff2b0f5-9765-4b48-bb05-561491d4eeef,2014-09-12 11:15:07,,
11153,8391,,1,33b253dc-b93b-4261-97c3-13d91a74c925,2014-09-12 11:15:07,,
11154,11703,,1,cceac7b8-4abc-46eb-b9a6-d5641fbf37b7,2014-09-12 11:15:07,,
11155,17211,,4,2a172ad8-18f8-4488-bfb1-d2c1db5c5b2b,2014-09-12 11:15:07,,
11156,9548,,4,ef980b59-0054-48c9-b657-6d660bf362fc,2014-09-12 11:15:07,,
11157,13038,,1,ac60ab6e-6a1e-4881-80e5-935cd01e927f,2014-09-12 11:15:07,,
11158,17031,,4,172bd46e-7d8b-4560-97f5-93b4c5d7d31d,2014-09-12 11:15:07,,
11159,19259,,4,fd88c5c8-a30d-4602-9f84-bf2f54c1d1cf,2014-09-12 11:15:07,,
11160,9050,,4,314367c1-426f-492e-a4f6-23f0148789cb,2014-09-12 11:15:07,,
11161,12985,,4,86726b97-a63d-46e4-8314-a6cb220a399c,2014-09-12 11:15:07,,
11162,14792,,4,8d897933-235e-4797-8ed7-6953ec9e06ee,2014-09-12 11:15:07,,
11163,5872,,4,86997cf3-1aed-46b0-bbe5-ec72a516763c,2014-09-12 11:15:07,,
11164,14151,,4,b77765b0-ea13-40b8-923d-e3b7786c5159,2014-09-12 11:15:07,,
11165,7251,,4,2157e3b6-9f36-4a99-9c47-b5fceded4e16,2014-09-12 11:15:07,,
11166,12441,,1,ca7e2c72-5f99-4d6d-a491-2a7fd760995b,2014-09-12 11:15:07,,
11167,19844,,1,20efa56f-e8b7-4700-acbe-b84e5c4b42b5,2014-09-12 11:15:07,,
11168,18143,,4,5e96ea47-3895-49f4-bbdd-1170dc3d9311,2014-09-12 11:15:07,,
11169,14713,,4,45fea86e-bc73-4caf-a9de-d6b1c74c764d,2014-09-12 11:15:07,,
11170,3164,,1,22913e1d-e16c-4fc5-a435-d6dce946aa6a,2014-09-12 11:15:07,,
11171,16623,,4,cb3e5b8b-2a5d-4f3e-b438-a52863394471,2014-09-12 11:15:07,,
11172,10282,,1,e78ea518-d4a9-4a51-9223-204103f7b4e1,2014-09-12 11:15:07,,
11173,12474,,1,618b8371-a706-4e2f-b591-92a94374e3f0,2014-09-12 11:15:07,,
11174,19012,,4,61e5207c-20ce-4acc-a296-51b952f0cb18,2014-09-12 11:15:07,,
11175,5468,,4,836efa07-4c07-418a-a99c-18f78dcf6d06,2014-09-12 11:15:07,,
11176,15994,,6,3464757c-e9d8-42b0-888b-5c316c8633f3,2014-09-12 11:15:07,,
11177,5651,,4,04d9ad85-7194-4e5f-89c3-1bd801761603,2014-09-12 11:15:07,,
11178,17696,,4,0bce9ad6-6bd5-4ed5-83f2-500b0c789e33,2014-09-12 11:15:07,,
11179,16169,,4,5af35a8d-2f4e-4f49-8395-ccd31a7bb229,2014-09-12 11:15:07,,
11180,20564,,4,52a330e9-7561-4485-a79b-cbffa2097c4a,2014-09-12 11:15:07,,
11181,4935,,4,318cda27-df61-4e21-a4c2-c2b7da0d987c,2014-09-12 11:15:07,,
11182,3087,,1,c8417277-861e-45eb-8c8b-940753ca9d90,2014-09-12 11:15:07,,
11183,11425,,4,d100e1d7-5829-4c0a-828a-b04fcd399219,2014-09-12 11:15:07,,
11184,18783,,4,0ff55283-ce4b-4666-a64e-071ef84744ec,2014-09-12 11:15:07,,
11185,12569,,6,9722c311-829b-4df5-8fd3-d2742c097b6d,2014-09-12 11:15:07,,
11186,12608,,4,b51032e3-2623-4fdd-8f81-5a8680a2d9b0,2014-09-12 11:15:07,,
11187,20457,,1,a52b436a-1532-4385-986f-66be0836ad54,2014-09-12 11:15:07,,
11188,9002,,4,8af7c9c8-b802-419f-b073-171bdb5374dc,2014-09-12 11:15:07,,
11189,14459,,1,579dff3e-c102-4a2b-ab47-705060610e3f,2014-09-12 11:15:07,,
11190,13265,,4,f8a4570b-9143-431d-b3f1-abad5089fd30,2014-09-12 11:15:07,,
11191,10722,,4,728d9425-2d92-4313-955d-bc776625aa24,2014-09-12 11:15:07,,
11192,17599,,1,fb0eaf09-5121-42c5-b0c6-3568c3bcfef2,2014-09-12 11:15:07,,
11193,14519,,1,46248244-5b58-4497-8a5c-ea5d5d90db5d,2014-09-12 11:15:07,,
11194,7727,,4,03835401-c9d0-4c6c-a089-c9930cbc6445,2014-09-12 11:15:07,,
11195,19140,,1,9b68fe70-68c7-477e-ba88-5ef7d3a817e2,2014-09-12 11:15:07,,
11196,2800,,1,2e6eab45-4534-4fec-8703-73d1205a7efb,2014-09-12 11:15:07,,
11197,9000,,1,89196bc4-980c-4fa3-ba48-e5bb97647647,2014-09-12 11:15:07,,
11198,8052,,4,3e5e07f3-6806-4b01-a7c4-f98b34af8634,2014-09-12 11:15:07,,
11199,7729,,4,1d735c67-e7ad-492a-a63a-9fc04293bf07,2014-09-12 11:15:07,,
11200,5409,,6,a6e1b02a-306c-4e4a-b028-50ea7a90b2ed,2014-09-12 11:15:07,,
11201,3054,,4,aad968e6-e34a-4de4-a8ad-c37d16e2b250,2014-09-12 11:15:07,,
11202,7092,,4,b816c3e3-3ffc-4ed3-bf18-698a59f44c31,2014-09-12 11:15:07,,
11203,5463,,6,f2312406-601b-4223-bfaa-baba69550635,2014-09-12 11:15:07,,
11204,20019,,1,37cbb06b-a879-46f1-8eef-b29ae040ea48,2014-09-12 11:15:07,,
11205,18028,,1,a00d9dd1-d961-405a-aebb-ac9ea5be7c15,2014-09-12 11:15:07,,
11206,13604,,1,4eb6a1ab-0d6f-4095-a00c-545396bc1993,2014-09-12 11:15:07,,
11207,8512,,1,0f5c719c-e5e5-48aa-9526-117a697914b0,2014-09-12 11:15:07,,
11208,3225,,4,c32fea35-579d-4f13-b8c4-9bdd98a49652,2014-09-12 11:15:07,,
11209,9318,,4,2b3ac9b1-0b86-4efa-b433-bf6dc68e13d0,2014-09-12 11:15:07,,
11210,13628,,4,51b7341b-b9b8-4fa2-874f-00294caf467a,2014-09-12 11:15:07,,
11211,12549,,6,e1285da5-60d6-441d-aebf-c11a5eb69baa,2014-09-12 11:15:07,,
11212,9700,,6,870c1e21-882b-4750-b9e5-6d98f9573e04,2014-09-12 11:15:07,,
11213,3074,,1,55254b4b-3984-4f50-9a1f-93b1622608aa,2014-09-12 11:15:07,,
11214,4847,,1,28f11530-4957-4aac-bfc2-0ff781f73e24,2014-09-12 11:15:07,,
11215,7440,,6,02d1f9cc-f015-4306-aed6-9579102026ef,2014-09-12 11:15:07,,
11216,19820,,1,4c8314bf-0d5e-4845-99bb-3e12f3ab220b,2014-09-12 11:15:07,,
11217,10262,,1,6ad25f91-0313-4811-a423-a34439701d6e,2014-09-12 11:15:07,,
11218,11750,,1,3cc359e7-c4e7-4c59-850f-477886eeb024,2014-09-12 11:15:07,,
11219,15531,,1,403bf5b5-9757-4660-9e8a-67531a36cbf9,2014-09-12 11:15:07,,
11220,2477,,4,841eaf8d-00ac-408f-99ed-1e66efbe66bd,2014-09-12 11:15:07,,
11221,5941,,4,b149c583-b3e0-4d90-b905-b26e4c0f3c96,2014-09-12 11:15:07,,
11222,2773,,4,741654e8-ed9a-4b7e-8410-f8f141f73ee4,2014-09-12 11:15:07,,
11223,3197,,6,72bfa246-56c5-4307-914a-04dd9c0f2a34,2014-09-12 11:15:07,,
11224,2656,,1,158bc30a-04b4-4e0c-9fbf-302208462273,2014-09-12 11:15:07,,
11225,12350,,1,cc9a216f-e02e-45d9-bfe9-906759f3c73f,2014-09-12 11:15:07,,
11226,2873,,1,dbf20b18-4f6d-4853-89dc-728f068b30fb,2014-09-12 11:15:07,,
11227,11590,,4,98d0f097-b4f1-43cf-847b-1acd674ca700,2014-09-12 11:15:07,,
11228,12412,,4,106bb248-e43c-4489-88ed-f9687d86a0af,2014-09-12 11:15:07,,
11229,15841,,4,be528bff-fd36-4027-913d-cf532f972b1b,2014-09-12 11:15:07,,
11230,9612,,4,f04c2f9e-557b-4854-abda-6f418912f14a,2014-09-12 11:15:07,,
11231,17885,,1,9fa72f06-ca29-4f0e-8578-2e15386fb1f7,2014-09-12 11:15:07,,
11232,3210,,1,28cabc22-c13a-4507-a8ac-e135f7ba3411,2014-09-12 11:15:07,,
11233,18194,,4,b2f3dc1a-67c4-43a9-ac5b-7dcdf079499a,2014-09-12 11:15:07,,
11234,3686,,4,c4451355-c5e1-4aaf-b61c-f02dfc248154,2014-09-12 11:15:07,,
11235,15802,,1,c72f7bf4-3787-4979-ab4a-51e369fd0801,2014-09-12 11:15:07,,
11236,13521,,1,f80670a5-ad53-4296-9c63-8d2f3d45b22e,2014-09-12 11:15:07,,
11237,7511,,8,7ef7c3c5-9cb6-4f77-94e1-576c19e341c6,2014-09-12 11:15:07,,
11238,3392,,10,9dd00331-cd15-46fb-8174-53ce82e7698e,2014-09-12 11:15:07,,
11239,16405,,10,9da8290e-d0e9-43fc-8410-28a5fb6ef65e,2014-09-12 11:15:07,,
11240,14359,,10,2253d8fd-3ac6-4a72-a2a1-15f81ccafcc2,2014-09-12 11:15:07,,
11241,2436,,7,349a059a-a808-4944-afee-f651fea92f62,2014-09-12 11:15:07,,
11242,18425,,7,e92f25e3-6930-4045-b078-268aafae930c,2014-09-12 11:15:07,,
11243,13712,,10,61dd71eb-c410-487f-be19-ce36803d10ae,2014-09-12 11:15:07,,
11244,12751,,10,976a7fee-5734-46a3-ba98-9b6693942dcf,2014-09-12 11:15:07,,
11245,15603,,8,a44d5fcd-481b-4ad6-a4a8-a2d573059048,2014-09-12 11:15:07,,
11246,6162,,8,7d65e3a0-b584-44fb-a799-9686030dea1d,2014-09-12 11:15:07,,
11247,5863,,10,ea369d9e-fbd4-4456-b181-7e96b46cba05,2014-09-12 11:15:07,,
11248,12887,,7,69ba261e-37b4-478e-a899-22dc6e76b7bf,2014-09-12 11:15:07,,
11249,7289,,8,81c88d3a-ef29-4c6e-bf5a-d867da20bb63,2014-09-12 11:15:07,,
11250,2526,,10,679cec99-b317-41b4-a477-e94dd066c54f,2014-09-12 11:15:07,,
11251,13411,,6,31993a75-dfcb-4cb6-b939-90c468da10f4,2014-09-12 11:15:07,,
11252,19006,,4,0ebe6ab2-95c1-4587-9023-3d7c52b8b5b3,2014-09-12 11:15:07,,
11253,17012,,6,86885e04-d00b-4fe2-9fea-61032f921cb0,2014-09-12 11:15:07,,
11254,15887,,1,c3c3351b-e8b1-400f-9ab6-63cc18477045,2014-09-12 11:15:07,,
11255,13436,,1,6ba322c4-f18d-4fab-b5ee-d6772d602209,2014-09-12 11:15:07,,
11256,10472,,1,ecf7bdab-67f9-47a6-b509-b1b4576927c2,2014-09-12 11:15:07,,
11257,7742,,4,e68004a3-a6fd-4e29-92c4-8c502a8a49c0,2014-09-12 11:15:07,,
11258,4422,,4,c0ab086b-0b6e-4131-9ad4-69c356e8168d,2014-09-12 11:15:07,,
11259,19376,,1,d8e0667e-6737-4465-a2e5-9be23d2a075f,2014-09-12 11:15:07,,
11260,7966,,4,bf779c56-568c-4493-aa9c-8f8630a7bc95,2014-09-12 11:15:07,,
11261,9398,,4,3e0b689e-d35c-4737-a3e4-26799f1a9a40,2014-09-12 11:15:07,,
11262,20532,,6,8097738a-04ba-4082-97a0-6a8589ea299e,2014-09-12 11:15:07,,
11263,8473,,1,13022941-bbb3-413e-a6aa-23c0e7c7f422,2014-09-12 11:15:07,,
11264,5022,,1,ce2de3b3-af16-4bbc-9954-4278f85f37a8,2014-09-12 11:15:07,,
11265,11905,,1,7716cba3-2b05-4f89-bc3b-e6191485b610,2014-09-12 11:15:07,,
11266,3560,,1,7bc1bf27-7cbf-44b3-81d0-576b9d6bc1a6,2014-09-12 11:15:07,,
11267,6679,,4,2de2e69b-9d13-4c76-a975-268348d29ed6,2014-09-12 11:15:07,,
11268,9972,,4,d2f6930a-31b4-42f2-936e-b9fea5c4453f,2014-09-12 11:15:07,,
11269,6565,,4,f6e5e82b-ccfd-4a36-83aa-360b83548198,2014-09-12 11:15:07,,
11270,17332,,4,3d74b544-016f-4118-820e-5eddf09b4481,2014-09-12 11:15:07,,
11271,9120,,4,86a9d2f8-40e7-4527-b745-26e8148ffdc0,2014-09-12 11:15:07,,
11272,11652,,4,6b8b4cb6-0cbe-499e-bb32-67340b8cabb0,2014-09-12 11:15:07,,
11273,5982,,4,08c55e52-d52f-431c-94fe-6e7d304fdbf2,2014-09-12 11:15:07,,
11274,5755,,1,cd5ad158-6a65-4332-88ed-ccaa4b05c421,2014-09-12 11:15:07,,
11275,11516,,4,20d36c82-5d22-436d-8d51-b89d4cb5fdd0,2014-09-12 11:15:07,,
11276,15449,,6,519a2928-57ae-41b7-9d4c-43425654a7e7,2014-09-12 11:15:07,,
11277,4855,,6,936be340-0161-4e2e-a12d-3db7bfdc0162,2014-09-12 11:15:07,,
11278,16067,,1,64dff02c-caea-4008-8f4d-ed2f7a712863,2014-09-12 11:15:07,,
11279,2996,,1,724bcfad-e4e9-443b-8dc4-baa0d9c7b645,2014-09-12 11:15:07,,
11280,15746,,1,67ecdcd1-8ad4-4193-ad4b-6ec4734e79c4,2014-09-12 11:15:07,,
11281,19134,,4,6ffe0a23-d1b0-48b4-bb2f-acd5fa7d5132,2014-09-12 11:15:07,,
11282,18134,,1,f2693f9c-63fb-49bc-983c-3ec459fb56e3,2014-09-12 11:15:07,,
11283,10416,,4,23867b28-f013-4350-944c-38d711a31b1c,2014-09-12 11:15:07,,
11284,13914,,4,464a810f-4bb0-4200-88db-5608f7540eba,2014-09-12 11:15:07,,
11285,3992,,4,dd403c97-79c0-43fa-9f59-0a5696b01b5a,2014-09-12 11:15:07,,
11286,6067,,4,c670aa5a-bcd6-44c0-9ca6-a1be14811f04,2014-09-12 11:15:07,,
11287,15978,,6,cbf89ed8-0d78-46cb-94ab-5aee93523383,2014-09-12 11:15:07,,
11288,7340,,4,22a6d325-97f8-45aa-b7a3-5d88d4cf1fc0,2014-09-12 11:15:07,,
11289,9943,,4,9c37a5a9-7aaf-4d9b-818a-e6d372129e50,2014-09-12 11:15:07,,
11290,9500,,4,d94d5215-90e0-4ea1-8f23-b0bc1c9e4bb0,2014-09-12 11:15:07,,
11291,10573,,4,f67837bb-da30-4339-be40-a656789f944e,2014-09-12 11:15:07,,
11292,4363,,4,29c13213-e6e4-4f3c-8951-dcda9ba5782e,2014-09-12 11:15:07,,
11293,5643,,1,c3e6f2d8-e54a-406a-95a8-a89de0b32629,2014-09-12 11:15:07,,
11294,4480,,1,236ce15f-4ebb-49ef-9661-cb285a1ed2b6,2014-09-12 11:15:07,,
11295,12166,,4,6d95fba6-9f9d-479a-b393-33879da918f6,2014-09-12 11:15:07,,
11296,3390,,1,2e32f82f-f299-4157-8fcd-25b96ea1a58e,2014-09-12 11:15:07,,
11297,6090,,4,5ede13c8-df26-4cae-aac2-bc42d827406f,2014-09-12 11:15:07,,
11298,13588,,4,b90da729-fca7-4a07-8bc9-69614f73ce14,2014-09-12 11:15:07,,