salesorderid,salesorderdetailid,carriertrackingnumber,orderqty,productid,specialofferid,unitprice,unitpricediscount,rowguid,modifieddate
43659,1,4911-403C-98,90,776,1,2024.994,0,b207c96d-d9e6-402b-8470-2cc176c42283,2011-05-31 0:00:00
43659,2,4911-403C-98,3,777,1,2024.994,0,7abb600d-1e77-41be-9fe5-b9142cfc08fa,2011-05-31 0:00:00
43659,3,4911-403C-98,1,778,1,2024.994,0,475cf8c6-49f6-486e-b0ad-afc6a50cdd2f,2011-05-31 0:00:00
43659,4,4911-403C-98,1,771,1,2039.994,0,04c4de91-5815-45d6-8670-f462719fbce3,2011-05-31 0:00:00
43659,5,4911-403C-98,1,772,1,2039.994,0,5a74c7d2-e641-438e-a7ac-37bf23280301,2011-05-31 0:00:00
43659,6,4911-403C-98,2,773,1,2039.994,0,ce472532-a4c0-45ba-816e-eefd3fd848b3,2011-05-31 0:00:00
43659,7,4911-403C-98,1,774,1,2039.994,0,80667840-f962-4ee3-96e0-aeca108e0d4f,2011-05-31 0:00:00
43659,8,4911-403C-98,3,714,1,28.8404,0,e9d54907-e7b7-4969-80d9-76ba69f8a836,2011-05-31 0:00:00
43659,9,4911-403C-98,1,716,1,28.8404,0,aa542630-bdcd-4ce5-89a0-c1bf82747725,2011-05-31 0:00:00
43659,10,4911-403C-98,6,709,1,5.7,0,ac769034-3c2f-495c-a5a7-3b71cdb25d4e,2011-05-31 0:00:00
43659,11,4911-403C-98,2,712,1,5.1865,0,06a66921-6b9f-4199-a912-ddafd383472b,2011-05-31 0:00:00
43659,12,4911-403C-98,4,711,1,20.1865,0,0e371ee3-253e-4bb0-b813-83cf4224f972,2011-05-31 0:00:00
43660,13,6431-4D57-83,1,762,1,419.4589,0,419a1302-ac7a-4044-97b2-66d9d14cd02e,2011-05-31 0:00:00
43660,14,6431-4D57-83,1,758,1,874.794,0,5d0b2b03-1d4c-4c34-9696-c14c58e7301c,2011-05-31 0:00:00
43661,15,4E0A-4F89-AE,1,745,1,809.76,0,ede1759e-6733-4c7b-a43f-dc6f48002d8a,2011-05-31 0:00:00
43661,16,4E0A-4F89-AE,1,743,1,714.7043,0,fe10bf09-d477-485b-9541-27ae8053a6d4,2011-05-31 0:00:00
43661,17,4E0A-4F89-AE,2,747,1,714.7043,0,b136852e-24c9-4006-8048-b14aefe6c337,2011-05-31 0:00:00
43661,18,4E0A-4F89-AE,4,712,1,5.1865,0,f0f410b6-bc93-4d77-b70d-e4e2465d98ee,2011-05-31 0:00:00
43661,19,4E0A-4F89-AE,4,715,1,28.8404,0,ae4cda7d-9b6e-4abb-a391-e9e9ddb10125,2011-05-31 0:00:00
43661,20,4E0A-4F89-AE,2,742,1,722.5949,0,054a9d3b-a178-4656-b2b0-9b9bddf1c345,2011-05-31 0:00:00
43661,21,4E0A-4F89-AE,3,775,1,2024.994,0,8c342a15-8576-4581-aac9-7ba3bbd8fd8b,2011-05-31 0:00:00
43661,22,4E0A-4F89-AE,2,778,1,2024.994,0,b2760b75-3f1a-4dc4-a377-1051c03c8eb8,2011-05-31 0:00:00
43661,23,4E0A-4F89-AE,2,711,1,20.1865,0,935a70b5-33ad-473d-921c-8d2c36f0d93e,2011-05-31 0:00:00
43661,24,4E0A-4F89-AE,2,741,1,818.7,0,2f911593-e3b8-4adf-b757-7242004ffb8e,2011-05-31 0:00:00
43661,25,4E0A-4F89-AE,4,776,1,2024.994,0,e8e15b60-3a73-4507-9368-a4fb27b6ee0b,2011-05-31 0:00:00
43661,26,4E0A-4F89-AE,2,773,1,2039.994,0,4373070f-4ebf-4c50-9db0-96bfbe937383,2011-05-31 0:00:00
43661,27,4E0A-4F89-AE,2,716,1,28.8404,0,d87d5edb-b899-4e31-b974-06617dbffe08,2011-05-31 0:00:00
43661,28,4E0A-4F89-AE,2,777,1,2024.994,0,c5762004-de9e-4339-95e5-89cc8fff873e,2011-05-31 0:00:00
43661,29,4E0A-4F89-AE,5,708,1,20.1865,0,6c0d0601-76ff-441d-86d5-8343eb0063e7,2011-05-31 0:00:00
43662,30,2E53-4802-85,3,764,1,419.4589,0,2dfd4d76-e020-4b80-a0a5-6463d0c2df73,2011-05-31 0:00:00
43662,31,2E53-4802-85,5,770,1,419.4589,0,1f1aa6dc-04a2-48e2-af9f-e46d8f59aa55,2011-05-31 0:00:00
43662,32,2E53-4802-85,2,730,1,183.9382,0,5ace6cb5-7341-4d88-9425-56ab7ae512e7,2011-05-31 0:00:00
43662,33,2E53-4802-85,4,754,1,874.794,0,dff2a7f2-37f2-4016-bedf-4dbb8c88b631,2011-05-31 0:00:00
43662,34,2E53-4802-85,3,725,1,183.9382,0,92897ee9-72a6-49e6-a421-c243b531aff2,2011-05-31 0:00:00
43662,35,2E53-4802-85,5,762,1,419.4589,0,1ce18faa-047d-41b1-8cf6-5191c092ab3c,2011-05-31 0:00:00
43662,36,2E53-4802-85,3,765,1,419.4589,0,f833cb4a-d6e3-40ac-b383-1c4e7220afef,2011-05-31 0:00:00
43662,37,2E53-4802-85,2,768,1,419.4589,0,d8e84dbd-a1ed-41e4-a9a1-0ad95fb9b323,2011-05-31 0:00:00
43662,38,2E53-4802-85,1,753,1,2146.962,0,491c561f-6b1e-47d0-95d5-6519654a5f47,2011-05-31 0:00:00
43662,39,2E53-4802-85,1,756,1,874.794,0,2ba4cc58-b832-47c0-aef4-d15d029cc083,2011-05-31 0:00:00
43662,40,2E53-4802-85,3,763,1,419.4589,0,d5c51a6a-6d12-4ceb-aed4-842e78baf142,2011-05-31 0:00:00
43662,41,2E53-4802-85,1,732,1,356.898,0,48420c59-4fbd-4817-a1df-613dce40b18b,2011-05-31 0:00:00
43662,42,2E53-4802-85,6,758,1,874.794,0,2c4f704d-c794-4613-9c8b-258619fa20fa,2011-05-31 0:00:00
43662,43,2E53-4802-85,1,729,1,183.9382,0,e53f432b-3e71-4f41-9ee8-db05a18d98f9,2011-05-31 0:00:00
43662,44,2E53-4802-85,3,722,1,178.5808,0,7c495ef0-4e65-4306-a47f-05f004ce5d4c,2011-05-31 0:00:00
43662,45,2E53-4802-85,1,749,1,2146.962,0,0f38e442-512c-4eb4-85c6-27abfb61e2e2,2011-05-31 0:00:00
43662,46,2E53-4802-85,3,760,1,419.4589,0,260a3fda-9b77-4c6c-b67b-efe84ed56489,2011-05-31 0:00:00
43662,47,2E53-4802-85,1,726,1,183.9382,0,2f0ea518-f085-4b63-a103-342408f6c8a7,2011-05-31 0:00:00
43662,48,2E53-4802-85,1,733,1,356.898,0,7ba3862c-3c4f-4e87-8c47-25b411fa21e6,2011-05-31 0:00:00
43662,49,2E53-4802-85,1,738,1,178.5808,0,13404868-367f-4863-8327-6a45036d53f5,2011-05-31 0:00:00
43662,50,2E53-4802-85,3,766,1,419.4589,0,c88aebde-9041-4a13-a065-a5e95f0ad165,2011-05-31 0:00:00
43662,51,2E53-4802-85,1,755,1,874.794,0,7ac1f435-63ee-4d53-a532-42d7a3a610e5,2011-05-31 0:00:00
43663,52,1E90-4FBF-B6,1,760,1,419.4589,0,ba432515-892b-445d-b9a7-97f593a24687,2011-05-31 0:00:00
43664,53,2F44-4BA1-BB,1,772,1,2039.994,0,22db5fa8-8c63-4a68-a038-435efd6d7ea2,2011-05-31 0:00:00
43664,54,2F44-4BA1-BB,4,775,1,2024.994,0,7ce8e484-a956-42e3-8a8d-f677765d1dad,2011-05-31 0:00:00
43664,55,2F44-4BA1-BB,1,714,1,28.8404,0,076636af-a24f-40d7-aedc-e1564bb16f0e,2011-05-31 0:00:00
43664,56,2F44-4BA1-BB,1,716,1,28.8404,0,c77b6559-1f2b-4f5f-883b-0d66cf71876d,2011-05-31 0:00:00
43664,57,2F44-4BA1-BB,2,777,1,2024.994,0,525334a5-1293-4379-8c59-f3b421faadbb,2011-05-31 0:00:00
43664,58,2F44-4BA1-BB,3,771,1,2039.994,0,cd7e2e99-9bd7-4964-8511-303c9228cd77,2011-05-31 0:00:00
43664,59,2F44-4BA1-BB,1,773,1,2039.994,0,58bfd62d-5822-4c0e-ae02-b35ad7159d6e,2011-05-31 0:00:00
43664,60,2F44-4BA1-BB,1,778,1,2024.994,0,0a8bdf35-3273-4ce0-9a62-f07118147b9e,2011-05-31 0:00:00
43665,61,19F0-4638-8E,2,711,1,20.1865,0,d74427b2-27e3-4749-b6e0-422ff21d3996,2011-05-31 0:00:00
43665,62,19F0-4638-8E,1,773,1,2039.994,0,10755c28-85c8-4db1-b733-e2bd718210ae,2011-05-31 0:00:00
43665,63,19F0-4638-8E,1,707,1,20.1865,0,e4a00fc2-6eda-40d7-afb4-b6b4c5b3edee,2011-05-31 0:00:00
43665,64,19F0-4638-8E,2,715,1,28.8404,0,3cfb91f3-98ab-46d1-8024-de47b3c4dae2,2011-05-31 0:00:00
43665,65,19F0-4638-8E,2,777,1,2024.994,0,268c5514-a052-4d7b-a62a-dfb9f3f8db5e,2011-05-31 0:00:00
43665,66,19F0-4638-8E,2,712,1,5.1865,0,9342c497-f31c-4e3e-b390-189a7e7f5b0d,2011-05-31 0:00:00
43665,67,19F0-4638-8E,2,775,1,2024.994,0,92f2e542-be52-42e9-94a8-f248bdaa0693,2011-05-31 0:00:00
43665,68,19F0-4638-8E,1,778,1,2024.994,0,7440e859-39e1-4343-9096-c91782d496dc,2011-05-31 0:00:00
43665,69,19F0-4638-8E,6,709,1,5.7,0,4a399178-c0a0-447e-9973-6ab903b4aecd,2011-05-31 0:00:00
43665,70,19F0-4638-8E,1,776,1,2024.994,0,0d2a679c-6c8e-4cc2-8a55-b8db83937ac2,2011-05-31 0:00:00
43666,71,D46A-40CA-8D,1,764,1,419.4589,0,0a256c7d-f7e7-408a-85b5-4e78b5b0b3b9,2011-05-31 0:00:00
43666,72,D46A-40CA-8D,1,753,1,2146.962,0,64220638-532f-41e5-8b4e-b95640f9627e,2011-05-31 0:00:00
43666,73,D46A-40CA-8D,1,732,1,356.898,0,e992a08a-a9fd-4947-8ef2-51aae82aa60e,2011-05-31 0:00:00
43666,74,D46A-40CA-8D,1,756,1,874.794,0,2a447589-1d30-4377-9856-1a28d0d6915e,2011-05-31 0:00:00
43666,75,D46A-40CA-8D,2,768,1,419.4589,0,f919e665-34ba-4075-aa2e-e699d697454c,2011-05-31 0:00:00
43666,76,D46A-40CA-8D,1,766,1,419.4589,0,92a93f80-9f8a-4448-8038-ca1f50b6e8dd,2011-05-31 0:00:00
43667,77,4DFB-4B10-A6,3,710,1,5.7,0,a3f2749d-522e-41b3-8c1f-fbde9592d4e0,2011-05-31 0:00:00
43667,78,4DFB-4B10-A6,1,773,1,2039.994,0,359b0751-12c8-4875-82aa-c8250a1cf9a9,2011-05-31 0:00:00
43667,79,4DFB-4B10-A6,1,778,1,2024.994,0,14a291b7-6e23-4afd-aec3-4f29c007a766,2011-05-31 0:00:00
43667,80,4DFB-4B10-A6,1,775,1,2024.994,0,151ddee1-4345-427b-b285-7b0040621dd8,2011-05-31 0:00:00
43668,81,365D-4C9A-BE,3,756,1,874.794,0,10a9a123-e763-4933-917b-0e48d3ec48e5,2011-05-31 0:00:00
43668,82,365D-4C9A-BE,2,753,1,2146.962,0,e5037fac-fb6f-4408-9edb-8a58875656d2,2011-05-31 0:00:00
43668,83,365D-4C9A-BE,7,760,1,419.4589,0,9597c1cd-e8ee-4605-8080-32d4dbda3f2c,2011-05-31 0:00:00
43668,84,365D-4C9A-BE,6,765,1,419.4589,0,cc2e1b7e-a197-45b1-8b44-59bf44c42f5e,2011-05-31 0:00:00
43668,85,365D-4C9A-BE,6,715,1,28.8404,0,ec1a080e-1ecb-4009-a121-2f276f1140ff,2011-05-31 0:00:00
43668,86,365D-4C9A-BE,6,730,1,183.9382,0,cc0d5135-f25e-4e2c-9214-e8920c3a546c,2011-05-31 0:00:00
43668,87,365D-4C9A-BE,2,707,1,20.1865,0,c0517f7a-8994-470a-bf62-d7d653972f2a,2011-05-31 0:00:00
43668,88,365D-4C9A-BE,2,711,1,20.1865,0,e58d966c-6d4b-4561-bc5b-e33e0ea0a163,2011-05-31 0:00:00
43668,89,365D-4C9A-BE,2,754,1,874.794,0,9bad45eb-afeb-43f9-a177-34244054541c,2011-05-31 0:00:00
43668,90,365D-4C9A-BE,4,712,1,5.1865,0,b5a65d6e-f32d-4cd2-be44-d3556c6a2414,2011-05-31 0:00:00
43668,91,365D-4C9A-BE,2,729,1,183.9382,0,45306430-002a-4de2-bad0-2c6c6cbec132,2011-05-31 0:00:00
43668,92,365D-4C9A-BE,3,755,1,874.794,0,2daa6e00-061f-4140-8670-9d69814ab376,2011-05-31 0:00:00
43668,93,365D-4C9A-BE,3,761,1,419.4589,0,ba19a0fb-b083-4e8f-81b7-2659ae3d78c3,2011-05-31 0:00:00
43668,94,365D-4C9A-BE,2,770,1,419.4589,0,a28b50ef-e8fb-47cf-9760-a6294ee742d2,2011-05-31 0:00:00
43668,95,365D-4C9A-BE,3,726,1,183.9382,0,02f2d90d-7996-4720-9236-61281487c037,2011-05-31 0:00:00
43668,96,365D-4C9A-BE,2,764,1,419.4589,0,fffb02e3-1b08-44a7-8dc4-1ee6b24253d4,2011-05-31 0:00:00
43668,97,365D-4C9A-BE,2,766,1,419.4589,0,b21f0ec7-4b3b-43ef-a6f9-dc2f4ca1b71a,2011-05-31 0:00:00
43668,98,365D-4C9A-BE,2,725,1,183.9382,0,0aaad124-8c88-4b30-9533-65399b6390e2,2011-05-31 0:00:00
43668,99,365D-4C9A-BE,1,716,1,28.8404,0,7c20e15e-66c1-45fa-a10f-c495ddb52bf4,2011-05-31 0:00:00
43668,100,365D-4C9A-BE,2,768,1,419.4589,0,4f461faf-5b23-41d9-893c-29217619d968,2011-05-31 0:00:00
43668,101,365D-4C9A-BE,4,732,1,356.898,0,2b30fa74-cd55-431b-85dc-5466e4462075,2011-05-31 0:00:00
43668,102,365D-4C9A-BE,6,758,1,874.794,0,1a0c02ec-9944-4d42-9f4a-e72d5eb74fdf,2011-05-31 0:00:00
43668,103,365D-4C9A-BE,4,762,1,419.4589,0,ee1766a8-7f9c-4ecc-83a9-685a428bd0a4,2011-05-31 0:00:00
43668,104,365D-4C9A-BE,3,738,1,178.5808,0,0235b672-1323-482a-b435-d300c37fd7b8,2011-05-31 0:00:00
43668,105,365D-4C9A-BE,4,714,1,28.8404,0,f5f6f45d-091a-43c8-9513-f600354527a1,2011-05-31 0:00:00
43668,106,365D-4C9A-BE,3,722,1,178.5808,0,ca82fe43-5c94-4c25-8587-8e7ff1708fa5,2011-05-31 0:00:00
43668,107,365D-4C9A-BE,1,708,1,20.1865,0,bf5b072f-c7bd-4620-90c8-012a6ef5c55a,2011-05-31 0:00:00
43668,108,365D-4C9A-BE,3,733,1,356.898,0,fc48a9b5-c89f-4a53-a19a-5e74cc439c6a,2011-05-31 0:00:00
43668,109,365D-4C9A-BE,3,763,1,419.4589,0,b5f560e3-0046-4c92-8432-463c146b81db,2011-05-31 0:00:00
43669,110,B65C-4867-86,1,747,1,714.7043,0,3c261d27-41f1-4ff6-b6bc-07e6e32b4988,2011-05-31 0:00:00
43670,111,F101-4649-85,1,710,1,5.7,0,9c7fc079-cbdc-4ce9-b1dd-2411fb25005e,2011-05-31 0:00:00
43670,112,F101-4649-85,2,709,1,5.7,0,174a4afd-391e-4c67-b99b-20bcff9fa93d,2011-05-31 0:00:00
43670,113,F101-4649-85,2,773,1,2039.994,0,3907992f-1bb0-4bef-a8d0-eb6e33a46528,2011-05-31 0:00:00
43670,114,F101-4649-85,1,776,1,2024.994,0,7e07b269-8004-418e-a426-a38b3526e467,2011-05-31 0:00:00
43671,115,DFD9-41B7-94,1,753,1,2146.962,0,a5364026-d1fb-4887-bed0-e233e2316510,2011-05-31 0:00:00
43671,116,DFD9-41B7-94,2,714,1,28.8404,0,b2d524c2-0c33-4c04-9836-93d23662d67b,2011-05-31 0:00:00
43671,117,DFD9-41B7-94,1,756,1,874.794,0,676d1168-fa50-4002-b270-c004798ce5d1,2011-05-31 0:00:00
43671,118,DFD9-41B7-94,2,768,1,419.4589,0,a3451590-e39e-4295-b4e3-67aec866b094,2011-05-31 0:00:00
43671,119,DFD9-41B7-94,2,732,1,356.898,0,f7b65be8-fa28-4ed0-a6a0-01b06564cfd6,2011-05-31 0:00:00
43671,120,DFD9-41B7-94,2,763,1,419.4589,0,179fef04-b571-4367-ab1c-3ed7494f3f14,2011-05-31 0:00:00
43671,121,DFD9-41B7-94,2,755,1,874.794,0,ffd63000-e820-4e44-a0cd-1ea625968afd,2011-05-31 0:00:00
43671,122,DFD9-41B7-94,2,764,1,419.4589,0,86542670-8958-4cb1-8030-c0c215f2229d,2011-05-31 0:00:00
43671,123,DFD9-41B7-94,1,716,1,28.8404,0,0f4fa390-33f3-4da0-8843-ef161817ee08,2011-05-31 0:00:00
43671,124,DFD9-41B7-94,1,711,1,20.1865,0,5cc761a2-8346-40c9-8a4e-498696a55d8f,2011-05-31 0:00:00
43671,125,DFD9-41B7-94,1,708,1,20.1865,0,ae8ede9e-ca24-40b3-8ebc-cf1afd8625bd,2011-05-31 0:00:00
43672,126,F4B5-48D0-BA,6,709,1,5.7,0,a05a6b28-3361-4f44-8e68-28a1cdbb002c,2011-05-31 0:00:00
43672,127,F4B5-48D0-BA,2,776,1,2024.994,0,4fcf9fc7-3b29-41d0-8bac-e022bd06ba93,2011-05-31 0:00:00
43672,128,F4B5-48D0-BA,1,774,1,2039.994,0,cc644e9e-cf75-444a-9ffb-ddbf8c51fbe9,2011-05-31 0:00:00
43673,129,260F-4DCF-A1,1,754,1,874.794,0,01bf67d4-7c0a-46ce-abba-bf7b5a1a2839,2011-05-31 0:00:00
43673,130,260F-4DCF-A1,3,715,1,28.8404,0,44fdf641-6a4c-48e2-87ae-07ed0a23e8ba,2011-05-31 0:00:00
43673,131,260F-4DCF-A1,1,729,1,183.9382,0,4bda1e7f-6edc-486a-8d4d-804bf7bf1a94,2011-05-31 0:00:00
43673,132,260F-4DCF-A1,2,761,1,419.4589,0,02f37962-1ad2-4c91-9d8d-77804492b1ab,2011-05-31 0:00:00
43673,133,260F-4DCF-A1,1,762,1,419.4589,0,01a7cf79-d5ed-4beb-b64a-415732985a02,2011-05-31 0:00:00
43673,134,260F-4DCF-A1,2,738,1,178.5808,0,b8457b55-6d5b-4ebb-bc76-97b0dd1bb06e,2011-05-31 0:00:00
43673,135,260F-4DCF-A1,2,770,1,419.4589,0,a0c653cd-2225-48f7-b816-bfaf7e324754,2011-05-31 0:00:00
43673,136,260F-4DCF-A1,1,712,1,5.1865,0,9fc18f07-e341-40df-a970-26752b606309,2011-05-31 0:00:00
43673,137,260F-4DCF-A1,2,708,1,20.1865,0,be1941fa-f4b9-4791-9fa0-3c48925ecefd,2011-05-31 0:00:00
43673,138,260F-4DCF-A1,1,711,1,20.1865,0,d7c72328-8839-443f-8508-592598fdd16c,2011-05-31 0:00:00
43673,139,260F-4DCF-A1,4,707,1,20.1865,0,ac5123f3-3719-4802-9a72-d9a90c721e60,2011-05-31 0:00:00
43674,140,4C12-4FF9-80,3,758,1,874.794,0,6c8ce125-f119-4ec1-beb4-9691793f2601,2011-05-31 0:00:00
43675,141,5069-4470-BE,4,761,1,419.4589,0,850e56a8-ef75-4486-aa0f-94585ecc6beb,2011-05-31 0:00:00
43675,142,5069-4470-BE,5,711,1,20.1865,0,3f9005f6-3445-4886-8f71-59314ffba07c,2011-05-31 0:00:00
43675,143,5069-4470-BE,2,738,1,178.5808,0,7be016fc-8cf7-4c1e-b6fb-ec394ce3c7bd,2011-05-31 0:00:00
43675,144,5069-4470-BE,1,708,1,20.1865,0,cb747bfe-926f-4b38-8c41-513d06697b76,2011-05-31 0:00:00
43675,145,5069-4470-BE,2,762,1,419.4589,0,a57ced82-d45a-4111-8ab6-6e7e8434f422,2011-05-31 0:00:00
43675,146,5069-4470-BE,2,758,1,874.794,0,f7f26129-64f3-44d8-838b-c05cd2072625,2011-05-31 0:00:00
43675,147,5069-4470-BE,2,712,1,5.1865,0,848d1513-da43-403e-a44e-689243ae72e0,2011-05-31 0:00:00
43675,148,5069-4470-BE,1,754,1,874.794,0,a674f133-2554-43a8-925d-551a1a077da9,2011-05-31 0:00:00
43675,149,5069-4470-BE,3,715,1,28.8404,0,08ed740b-4f35-4666-bdf5-40f55a10f75b,2011-05-31 0:00:00
43676,150,11BA-4D19-B7,2,776,1,2024.994,0,95f26303-015e-4965-ba70-08755928f169,2011-05-31 0:00:00
43676,151,11BA-4D19-B7,2,778,1,2024.994,0,fc88b691-b298-4e79-8db7-9237c3740899,2011-05-31 0:00:00
43676,152,11BA-4D19-B7,1,710,1,5.7,0,fd6828e3-d826-4a94-aa38-d335f8477c21,2011-05-31 0:00:00
43676,153,11BA-4D19-B7,3,775,1,2024.994,0,c1ca1727-c82a-487c-b045-49a3c86b90aa,2011-05-31 0:00:00
43676,154,11BA-4D19-B7,4,709,1,5.7,0,0b8af7e6-0a3b-4647-aa80-943059f6323c,2011-05-31 0:00:00
43677,155,8E3A-4564-99,3,715,1,28.8404,0,95c0da8c-02d3-43bc-b1d8-2f4aba311f4e,2011-05-31 0:00:00
43677,156,8E3A-4564-99,1,753,1,2146.962,0,58401596-2f02-49ad-9396-0e3029a85916,2011-05-31 0:00:00
43677,157,8E3A-4564-99,1,758,1,874.794,0,ba0904a3-12d4-4624-8db1-175bef162cdb,2011-05-31 0:00:00
43677,158,8E3A-4564-99,1,770,1,419.4589,0,edb27438-6a31-4305-b518-025286423736,2011-05-31 0:00:00
43677,159,8E3A-4564-99,2,708,1,20.1865,0,a415fa0d-0ed3-42fb-9748-634d849c225d,2011-05-31 0:00:00
43677,160,8E3A-4564-99,4,760,1,419.4589,0,78e46982-36a1-40e9-9cc9-bdcfc70331ce,2011-05-31 0:00:00
43677,161,8E3A-4564-99,2,765,1,419.4589,0,1a09403c-906a-4983-bc06-2f7ea446b979,2011-05-31 0:00:00
43677,162,8E3A-4564-99,1,763,1,419.4589,0,8b1f1a3a-f984-4335-bd39-65e4d221109b,2011-05-31 0:00:00
43677,163,8E3A-4564-99,5,712,1,5.1865,0,b47395e9-3033-48d6-9915-f7e8831c81a5,2011-05-31 0:00:00
43677,164,8E3A-4564-99,1,707,1,20.1865,0,bbd4b811-9a75-4e74-a514-37b5d381a632,2011-05-31 0:00:00
43677,165,8E3A-4564-99,1,754,1,874.794,0,26ba33d4-048c-482a-a88f-22f9416abf28,2011-05-31 0:00:00
43677,166,8E3A-4564-99,2,729,1,183.9382,0,8a03105c-b8e7-42f6-bb0d-548d63448237,2011-05-31 0:00:00
43678,167,FBD8-4CE4-8B,1,760,1,419.4589,0,df2c294e-a488-445a-9f6c-e7daec39ff2a,2011-05-31 0:00:00
43678,168,FBD8-4CE4-8B,2,738,1,178.5808,0,4bd4dad2-921f-4948-9732-b052b0296aa6,2011-05-31 0:00:00
43678,169,FBD8-4CE4-8B,1,765,1,419.4589,0,ff26342b-d08e-4597-b38a-8bad5e6fd8f4,2011-05-31 0:00:00
43678,170,FBD8-4CE4-8B,2,732,1,356.898,0,3f3663ad-9896-4f7c-a894-66b88a814fb8,2011-05-31 0:00:00
43678,171,FBD8-4CE4-8B,3,762,1,419.4589,0,eb3b01cf-3994-47f6-9cc6-1c1e5a108713,2011-05-31 0:00:00
43678,172,FBD8-4CE4-8B,2,761,1,419.4589,0,0cf44a8c-4fd3-42e5-8a33-5c0f277e6f3d,2011-05-31 0:00:00
43678,173,FBD8-4CE4-8B,3,712,1,5.1865,0,83d229dc-f929-4ede-a995-18bc2ee28837,2011-05-31 0:00:00
43678,174,FBD8-4CE4-8B,4,708,1,20.1865,0,82e7aea7-b1d2-41fe-9d9f-c58317880c0b,2011-05-31 0:00:00
43678,175,FBD8-4CE4-8B,2,729,1,183.9382,0,271f7b7f-5cde-4a2b-a08a-9a9d19fa9b2c,2011-05-31 0:00:00
43678,176,FBD8-4CE4-8B,1,756,1,874.794,0,19e8e894-fcad-4957-9105-b507986835eb,2011-05-31 0:00:00
43678,177,FBD8-4CE4-8B,2,725,1,183.9382,0,177faa4c-3945-4c64-ad0f-7482f58b1334,2011-05-31 0:00:00
43678,178,FBD8-4CE4-8B,1,716,1,28.8404,0,5c5cbe97-ad6f-49aa-a13c-81e9d8bced1d,2011-05-31 0:00:00
43678,179,FBD8-4CE4-8B,1,770,1,419.4589,0,5de88b13-970c-4952-a220-430e1f3d698f,2011-05-31 0:00:00
43678,180,FBD8-4CE4-8B,2,758,1,874.794,0,fcfe9bd3-775e-4be8-8819-376247a7aa81,2011-05-31 0:00:00
43678,181,FBD8-4CE4-8B,2,715,1,28.8404,0,ae21d8b7-da24-4cfe-abd8-0f958f55c21b,2011-05-31 0:00:00
43678,182,FBD8-4CE4-8B,1,754,1,874.794,0,3305d8db-86d4-4903-8f1a-9fcb0400edbb,2011-05-31 0:00:00
43678,183,FBD8-4CE4-8B,1,755,1,874.794,0,c317c204-0b62-473e-b22f-f6d4cae92a5f,2011-05-31 0:00:00
43678,184,FBD8-4CE4-8B,3,711,1,20.1865,0,9d04ab4c-d575-433e-93ac-86710b01c1c6,2011-05-31 0:00:00
43678,185,FBD8-4CE4-8B,1,707,1,20.1865,0,bf77c9dc-b87b-4d59-9254-90f253565b94,2011-05-31 0:00:00
43679,186,918F-49F3-AD,1,760,1,419.4589,0,6e15e57e-bdfb-449b-b9c7-1098ba1847d2,2011-05-31 0:00:00
43679,187,918F-49F3-AD,2,770,1,419.4589,0,ba6cf32e-516e-4dd0-af76-3beb187e00e0,2011-05-31 0:00:00
43679,188,918F-49F3-AD,2,715,1,28.8404,0,e8cc5a8b-64ea-4960-89da-b0311fccf466,2011-05-31 0:00:00
43680,189,FF1F-4DD0-98,3,760,1,419.4589,0,ff64f75f-6155-481f-90ae-e0a58951730a,2011-05-31 0:00:00
43680,190,FF1F-4DD0-98,2,756,1,874.794,0,588f4bd2-503e-4c5e-a238-a4fbc0eb5721,2011-05-31 0:00:00
43680,191,FF1F-4DD0-98,2,738,1,178.5808,0,52c07533-50a5-4990-8c60-dfea1247e077,2011-05-31 0:00:00
43680,192,FF1F-4DD0-98,4,707,1,20.1865,0,96203912-d86b-4c18-a998-aab68ce5043a,2011-05-31 0:00:00
43680,193,FF1F-4DD0-98,1,729,1,183.9382,0,7d35e4cd-3e70-41c4-9424-2040650fbfa3,2011-05-31 0:00:00
43680,194,FF1F-4DD0-98,1,711,1,20.1865,0,755ef279-905d-4e8b-bb4c-d07dd94375ac,2011-05-31 0:00:00
43680,195,FF1F-4DD0-98,2,715,1,28.8404,0,53a1485e-f5ed-4f00-bdb5-d78dc1be5979,2011-05-31 0:00:00
43680,196,FF1F-4DD0-98,2,725,1,183.9382,0,cb1eac62-9af1-48a2-99c8-793ec80655e7,2011-05-31 0:00:00
43680,197,FF1F-4DD0-98,1,758,1,874.794,0,fcfee92f-52fb-44b9-94cd-7521bb9b7602,2011-05-31 0:00:00
43680,198,FF1F-4DD0-98,1,761,1,419.4589,0,e02e4bf2-6f80-49a6-98e9-d7ef636bf41d,2011-05-31 0:00:00
43680,199,FF1F-4DD0-98,2,753,1,2146.962,0,92c650a7-ca27-4772-8d98-0118e041cdc8,2011-05-31 0:00:00
43680,200,FF1F-4DD0-98,2,708,1,20.1865,0,52fe0899-b483-4785-9e6c-a53c30d44308,2011-05-31 0:00:00
43680,201,FF1F-4DD0-98,3,765,1,419.4589,0,a26f7edb-1dc8-4c90-9dec-cc8525b03698,2011-05-31 0:00:00
43680,202,FF1F-4DD0-98,3,712,1,5.1865,0,8528be39-bff3-434e-881b-785401bc4a2e,2011-05-31 0:00:00
43680,203,FF1F-4DD0-98,1,763,1,419.4589,0,98629492-e799-4b02-9197-a67bb63213d7,2011-05-31 0:00:00
43681,204,6D51-449D-B3,6,715,1,28.8404,0,ce38c822-bc86-4b0f-9870-aa084354634e,2011-05-31 0:00:00
43681,205,6D51-449D-B3,5,762,1,419.4589,0,f16dfe80-78e8-4398-9c84-e31915ee382c,2011-05-31 0:00:00
43681,206,6D51-449D-B3,1,732,1,356.898,0,73dfb8c4-49d4-45f2-a630-d6c561818d8d,2011-05-31 0:00:00
43681,207,6D51-449D-B3,1,707,1,20.1865,0,2fa998ea-1100-4e10-9206-7788e28b3e19,2011-05-31 0:00:00
43681,208,6D51-449D-B3,1,729,1,183.9382,0,4c46a2f0-3039-40bf-8703-c390f0c36730,2011-05-31 0:00:00
43681,209,6D51-449D-B3,2,708,1,20.1865,0,0f5a66b3-82dd-4fb4-bad1-523c66b5f395,2011-05-31 0:00:00
43681,210,6D51-449D-B3,3,770,1,419.4589,0,0610ebc9-f8a2-455d-91dc-c3d7ea30a15d,2011-05-31 0:00:00
43681,211,6D51-449D-B3,2,730,1,183.9382,0,d594026b-43a6-4904-8fb3-642196ec1a1a,2011-05-31 0:00:00
43681,212,6D51-449D-B3,3,758,1,874.794,0,e09bdaa5-b643-4e8d-8c2a-28fd1cb8df9d,2011-05-31 0:00:00
43681,213,6D51-449D-B3,1,768,1,419.4589,0,db1cc906-c552-4830-bd2d-04f5736860c9,2011-05-31 0:00:00
43681,214,6D51-449D-B3,2,761,1,419.4589,0,d7650ff3-61c0-457b-9ee3-e294f0115b67,2011-05-31 0:00:00
43681,215,6D51-449D-B3,2,738,1,178.5808,0,947fd975-6080-4114-a1d4-fba59042770e,2011-05-31 0:00:00
43681,216,6D51-449D-B3,1,753,1,2146.962,0,8b3b06ad-03c8-4768-966b-b57409ff8728,2011-05-31 0:00:00
43681,217,6D51-449D-B3,2,714,1,28.8404,0,c5c5f68f-27ca-476a-b7eb-3219359119c0,2011-05-31 0:00:00
43681,218,6D51-449D-B3,2,764,1,419.4589,0,2d9b98b0-7b7a-4a09-86a4-7221b6a26035,2011-05-31 0:00:00
43681,219,6D51-449D-B3,2,760,1,419.4589,0,7cb7aae5-2225-4abe-b968-e9859a8f7d19,2011-05-31 0:00:00
43681,220,6D51-449D-B3,1,756,1,874.794,0,23807036-8978-4372-95e7-fc58e00b7d42,2011-05-31 0:00:00
43681,221,6D51-449D-B3,2,716,1,28.8404,0,b321c72f-8374-48f2-b640-844d13d181d6,2011-05-31 0:00:00
43681,222,6D51-449D-B3,2,711,1,20.1865,0,dcf47f5b-b191-4cd8-bf03-0241e0100333,2011-05-31 0:00:00
43681,223,6D51-449D-B3,1,725,1,183.9382,0,71cac584-7515-44f0-84ad-fe088a2db851,2011-05-31 0:00:00
43681,224,6D51-449D-B3,2,712,1,5.1865,0,f4809618-0c2e-40e9-a14d-27710628ff0e,2011-05-31 0:00:00
43682,225,ECD4-43A8-A8,2,758,1,874.794,0,4526787e-4df0-49b5-8226-e934dfbf8e3e,2011-05-31 0:00:00
43682,226,ECD4-43A8-A8,1,762,1,419.4589,0,3ba9b6e0-f663-4751-8c0d-8b98775b13be,2011-05-31 0:00:00
43682,227,ECD4-43A8-A8,2,760,1,419.4589,0,bd2aa9fa-894a-4533-9a6d-19d37ddd9ec1,2011-05-31 0:00:00
43682,228,ECD4-43A8-A8,2,770,1,419.4589,0,ec3f3939-8ef8-4f77-9882-0605d95f5a4a,2011-05-31 0:00:00
43682,229,ECD4-43A8-A8,1,715,1,28.8404,0,add336c0-7322-40ec-b4e2-527f9abf37cc,2011-05-31 0:00:00
43683,230,2299-44F7-95,2,776,1,2024.994,0,02170c53-a0b1-407a-a4e9-b1b56990cbd1,2011-05-31 0:00:00
43683,231,2299-44F7-95,2,715,1,28.8404,0,9b0e81d0-a201-4978-9fdf-b1e0b06a2d74,2011-05-31 0:00:00
43683,232,2299-44F7-95,2,773,1,2039.994,0,379224d7-9625-4d4b-9166-f6a432cef432,2011-05-31 0:00:00
43683,233,2299-44F7-95,1,774,1,2039.994,0,21cfe6f5-c590-4d50-9a48-eec6dd8726fd,2011-05-31 0:00:00
43683,234,2299-44F7-95,1,708,1,20.1865,0,77959ba9-fe57-42fb-af0c-b6e75ecea04c,2011-05-31 0:00:00
43683,235,2299-44F7-95,2,711,1,20.1865,0,890d5e35-90f5-4234-8070-854d56899685,2011-05-31 0:00:00
43683,236,2299-44F7-95,3,712,1,5.1865,0,8fe0a019-6e0d-4e48-bd48-b63e7e6b8c13,2011-05-31 0:00:00
43683,237,2299-44F7-95,4,775,1,2024.994,0,f95d4e30-97d7-450a-8750-24fb78ffbacb,2011-05-31 0:00:00
43683,238,2299-44F7-95,6,777,1,2024.994,0,3632de7c-c76a-402b-9ad2-4ca9685842bf,2011-05-31 0:00:00
43683,239,2299-44F7-95,1,772,1,2039.994,0,b16340fd-66ff-42c6-900c-fb4c9defaa39,2011-05-31 0:00:00
43683,240,2299-44F7-95,3,707,1,20.1865,0,b2f1a4e4-b716-4dae-ad20-9af4ccb5dbfc,2011-05-31 0:00:00
43683,241,2299-44F7-95,5,778,1,2024.994,0,e1f53539-9024-4f7c-93d0-c51158c9faf4,2011-05-31 0:00:00
43683,242,2299-44F7-95,6,709,1,5.7,0,3dcfff8a-e551-40bf-8340-61781b7b5056,2011-05-31 0:00:00
43684,243,8C01-4CC0-A9,2,754,1,874.794,0,153452d3-a12c-42a1-acea-bdc505e72834,2011-05-31 0:00:00
43684,244,8C01-4CC0-A9,2,762,1,419.4589,0,a197324f-82e2-45da-8b93-1921298eedd3,2011-05-31 0:00:00
43684,245,8C01-4CC0-A9,1,760,1,419.4589,0,cd816453-14c6-4454-b1a1-038187607c61,2011-05-31 0:00:00
43684,246,8C01-4CC0-A9,2,758,1,874.794,0,945b49c3-32bf-43e0-8496-67114f2c249b,2011-05-31 0:00:00
43684,247,8C01-4CC0-A9,1,770,1,419.4589,0,f3873b0b-89a5-42aa-bd30-da8b37fef9bf,2011-05-31 0:00:00
43684,248,8C01-4CC0-A9,1,763,1,419.4589,0,80c2a11c-e805-4fb7-beda-f98c38c345fb,2011-05-31 0:00:00
43685,249,C519-4AB3-88,3,765,1,419.4589,0,2946c9a9-89f3-4f55-a670-61b13d87b697,2011-05-31 0:00:00
43685,250,C519-4AB3-88,1,763,1,419.4589,0,f61d4584-4333-4ae4-a9c7-6e93137172d8,2011-05-31 0:00:00
43685,251,C519-4AB3-88,1,754,1,874.794,0,837d6ecf-6ab8-4434-b60b-a65883163ce2,2011-05-31 0:00:00
43685,252,C519-4AB3-88,1,725,1,183.9382,0,dcc24246-d5f9-488e-8ffe-ac972370fdb0,2011-05-31 0:00:00
43686,253,FBD0-4F71-80,3,758,1,874.794,0,0d79bb65-7081-4471-8bea-ad0dd9ed3925,2011-05-31 0:00:00
43686,254,FBD0-4F71-80,1,762,1,419.4589,0,0cff97f0-04d0-48b0-90dc-2df5246634e7,2011-05-31 0:00:00
43686,255,FBD0-4F71-80,1,770,1,419.4589,0,9df36f69-ab08-44bd-90fc-b67932ac5cd4,2011-05-31 0:00:00
43687,256,61FA-475A-AC,1,768,1,419.4589,0,9bfb4b65-3927-4084-ba66-2678173a69d0,2011-05-31 0:00:00
43687,257,61FA-475A-AC,2,765,1,419.4589,0,76a9dbcd-ea04-4ffe-8c76-063dae743030,2011-05-31 0:00:00
43688,258,16F4-456B-9A,1,725,1,183.9382,0,5a53ad2c-ecaf-459c-a0a4-1e6a634f59d1,2011-05-31 0:00:00
43688,259,16F4-456B-9A,2,760,1,419.4589,0,b4dc295c-356b-480b-8d3d-64e3975453fb,2011-05-31 0:00:00
43688,260,16F4-456B-9A,3,762,1,419.4589,0,9640a93b-cfcb-4863-998a-7cb1b4295a6e,2011-05-31 0:00:00
43688,261,16F4-456B-9A,1,738,1,178.5808,0,bbe02a8c-8a1b-4572-8c31-ac170a4010bd,2011-05-31 0:00:00
43688,262,16F4-456B-9A,1,763,1,419.4589,0,002349c7-a7c2-409b-826b-025f1188fc46,2011-05-31 0:00:00
43688,263,16F4-456B-9A,2,729,1,183.9382,0,8ad575a8-569b-4970-948e-951a576dc6fa,2011-05-31 0:00:00
43688,264,16F4-456B-9A,2,754,1,874.794,0,16ca43fd-45d5-471f-847e-8963119365a6,2011-05-31 0:00:00
43688,265,16F4-456B-9A,2,758,1,874.794,0,19aeb036-e1ae-4476-b744-63b6bd6722b3,2011-05-31 0:00:00
43688,266,16F4-456B-9A,3,765,1,419.4589,0,fb21c6af-13be-4e14-9875-9d133d93cc6e,2011-05-31 0:00:00
43688,267,16F4-456B-9A,1,770,1,419.4589,0,2bbfaf0f-3909-402a-9705-1a3a681c8b31,2011-05-31 0:00:00
43688,268,16F4-456B-9A,2,753,1,2146.962,0,e8446110-dc59-4187-a035-61e2ea8fc8b7,2011-05-31 0:00:00
43689,269,DCD9-4C9A-AB,3,764,1,419.4589,0,4b1e8bcd-9641-47e4-98be-a1b9a266634e,2011-05-31 0:00:00
43689,270,DCD9-4C9A-AB,2,738,1,178.5808,0,68baf0d6-613b-4b3f-b6bf-a06e81e073b6,2011-05-31 0:00:00
43689,271,DCD9-4C9A-AB,2,725,1,183.9382,0,7d867b31-8d89-4bd7-93dc-45a4ec2cedd6,2011-05-31 0:00:00
43689,272,DCD9-4C9A-AB,1,753,1,2146.962,0,90322bb0-b079-4ec3-8750-59b738aca61c,2011-05-31 0:00:00
43689,273,DCD9-4C9A-AB,2,755,1,874.794,0,361c2494-2279-4ebb-a4c4-b2cf896b6fbb,2011-05-31 0:00:00
43689,274,DCD9-4C9A-AB,4,766,1,419.4589,0,08311371-c59b-4134-82b4-6bcf06596338,2011-05-31 0:00:00
43689,275,DCD9-4C9A-AB,2,770,1,419.4589,0,451bd27e-a78f-4c86-b9dc-e64486149112,2011-05-31 0:00:00
43689,276,DCD9-4C9A-AB,7,760,1,419.4589,0,6c1c717d-3403-4e6d-9837-6be9dc297a2b,2011-05-31 0:00:00
43689,277,DCD9-4C9A-AB,3,726,1,183.9382,0,90d5f355-0a74-4604-93fa-47c8b423ef8d,2011-05-31 0:00:00
43689,278,DCD9-4C9A-AB,1,722,1,178.5808,0,077d4739-c39c-4a1e-b63b-4945c0ec6f09,2011-05-31 0:00:00
43689,279,DCD9-4C9A-AB,6,763,1,419.4589,0,6b5a7a73-1f63-4472-a337-123d6bdab01f,2011-05-31 0:00:00
43689,280,DCD9-4C9A-AB,2,729,1,183.9382,0,45cd69d3-d62b-4626-9310-bb4d6ff2fd7b,2011-05-31 0:00:00
43689,281,DCD9-4C9A-AB,2,730,1,183.9382,0,ced8561d-aa4a-43a3-95a9-bb2a55cfd90b,2011-05-31 0:00:00
43689,282,DCD9-4C9A-AB,2,732,1,356.898,0,6fa9ceaf-93dd-44a9-95ea-e68289f47de4,2011-05-31 0:00:00
43689,283,DCD9-4C9A-AB,5,765,1,419.4589,0,5fc81194-bb39-4c96-804b-f75e4be473c1,2011-05-31 0:00:00
43689,284,DCD9-4C9A-AB,2,768,1,419.4589,0,3e8dcc96-71be-46f9-aae3-912a42d0b63b,2011-05-31 0:00:00
43689,285,DCD9-4C9A-AB,2,761,1,419.4589,0,936b0f07-6837-4b6c-bfd5-2ad9f91c3434,2011-05-31 0:00:00
43689,286,DCD9-4C9A-AB,3,758,1,874.794,0,6461dbef-2b8c-4fb8-b0ca-edc53170316c,2011-05-31 0:00:00
43689,287,DCD9-4C9A-AB,2,749,1,2146.962,0,9e4b5e64-7639-43a5-a19c-13fa05fd3055,2011-05-31 0:00:00
43689,288,DCD9-4C9A-AB,9,762,1,419.4589,0,c89d62cd-c0e7-456f-80a8-558db3afcdbf,2011-05-31 0:00:00
43689,289,DCD9-4C9A-AB,4,754,1,874.794,0,43bb07f0-edab-4898-a540-529f997e87c7,2011-05-31 0:00:00
43690,290,7A3C-492F-A6,1,715,1,28.8404,0,273489bd-c0cc-4251-bbb8-d876c42bec4a,2011-05-31 0:00:00
43690,291,7A3C-492F-A6,1,770,1,419.4589,0,142067ae-8763-4522-98a9-37c4e13292c1,2011-05-31 0:00:00
43690,292,7A3C-492F-A6,2,712,1,5.1865,0,c6489d7d-8519-4010-b434-2ec4310448c8,2011-05-31 0:00:00
43690,293,7A3C-492F-A6,2,760,1,419.4589,0,320043e9-26bf-4982-ab6b-dfd40105b0dd,2011-05-31 0:00:00
43691,294,272B-4319-9E,1,758,1,874.794,0,4b7b432f-5d7b-4285-b618-dbf52b10ed73,2011-05-31 0:00:00
43692,295,BFA9-470E-B4,5,770,1,419.4589,0,1bff841d-7d9e-498b-9e35-50e52ab801a6,2011-05-31 0:00:00
43692,296,BFA9-470E-B4,1,725,1,183.9382,0,b346513e-5b71-41b5-a1cf-2de2c9351f69,2011-05-31 0:00:00
43692,297,BFA9-470E-B4,8,754,1,874.794,0,85dcb501-7194-49c8-b10b-4ba09456463a,2011-05-31 0:00:00
43692,298,BFA9-470E-B4,2,730,1,183.9382,0,045afcd8-39fc-48a9-8290-510ad5c84924,2011-05-31 0:00:00
43692,299,BFA9-470E-B4,10,715,1,28.8404,0,3ff25d6c-58b0-4fed-a0a3-cb41c5c4de2e,2011-05-31 0:00:00
43692,300,BFA9-470E-B4,1,768,1,419.4589,0,1754aa5d-66f9-4f62-828e-154652d92df8,2011-05-31 0:00:00
43692,301,BFA9-470E-B4,4,756,1,874.794,0,eee637e9-9957-4842-bced-b05081212f01,2011-05-31 0:00:00
43692,302,BFA9-470E-B4,2,738,1,178.5808,0,d3e60969-4860-4f84-b207-f922dffa980e,2011-05-31 0:00:00
43692,303,BFA9-470E-B4,8,758,1,874.794,0,eb7ed641-2ca4-46f7-b82e-8c915ec3e1a2,2011-05-31 0:00:00
43692,304,BFA9-470E-B4,3,708,1,20.1865,0,ecb93758-1d9d-471f-b51f-0e73fa6b9ca4,2011-05-31 0:00:00
43692,305,BFA9-470E-B4,6,762,1,419.4589,0,1a88d183-cc98-4f83-a166-9a7dca92282f,2011-05-31 0:00:00
43692,306,BFA9-470E-B4,3,732,1,356.898,0,3e9a2cc0-8af2-4f17-ac29-9cf613e4a762,2011-05-31 0:00:00
43692,307,BFA9-470E-B4,6,712,1,5.1865,0,8310b226-a845-46e6-95ce-96be48385a95,2011-05-31 0:00:00
43692,308,BFA9-470E-B4,4,714,1,28.8404,0,5949fc94-c5ed-477e-9920-9ee58e3b28f0,2011-05-31 0:00:00
43692,309,BFA9-470E-B4,7,760,1,419.4589,0,3f6b4608-c9a0-4a36-8b86-7efae034be83,2011-05-31 0:00:00
43692,310,BFA9-470E-B4,2,755,1,874.794,0,48d00579-6bf7-415e-8708-ca74b387832a,2011-05-31 0:00:00
43692,311,BFA9-470E-B4,4,716,1,28.8404,0,dab35b14-6f4d-4f5c-ade2-0fbd8604ca09,2011-05-31 0:00:00
43692,312,BFA9-470E-B4,2,765,1,419.4589,0,720193b4-a1e3-4098-ac4a-8bf8e35bf33f,2011-05-31 0:00:00
43692,313,BFA9-470E-B4,1,764,1,419.4589,0,216e05d3-4a1b-44c4-a794-6a308e891278,2011-05-31 0:00:00
43692,314,BFA9-470E-B4,2,753,1,2146.962,0,014cdcb4-72c9-4d81-aa5b-b6ce243078a6,2011-05-31 0:00:00
43692,315,BFA9-470E-B4,1,766,1,419.4589,0,1a0a15c3-7110-4212-aa26-f83adafcb881,2011-05-31 0:00:00
43692,316,BFA9-470E-B4,1,722,1,178.5808,0,e07e054f-ab1e-466e-a5d6-24a8d19aa415,2011-05-31 0:00:00
43692,317,BFA9-470E-B4,3,761,1,419.4589,0,8fe3dcf3-8a19-45e0-83a3-00151537ff5d,2011-05-31 0:00:00
43692,318,BFA9-470E-B4,3,711,1,20.1865,0,a9d4e589-f161-45c2-ad69-7872d4d0e1ae,2011-05-31 0:00:00
43692,319,BFA9-470E-B4,1,763,1,419.4589,0,db77ee86-a2fc-41c9-a64c-5c0876487258,2011-05-31 0:00:00
43692,320,BFA9-470E-B4,2,729,1,183.9382,0,24291821-ce2f-47a1-badb-1858c94535b7,2011-05-31 0:00:00
43692,321,BFA9-470E-B4,4,707,1,20.1865,0,76f20539-df7b-4a1e-8d5d-7aba2ec5739d,2011-05-31 0:00:00
43692,322,BFA9-470E-B4,2,726,1,183.9382,0,247253bb-e5ad-4582-b198-90275f3bfb06,2011-05-31 0:00:00
43693,323,EC62-4BB3-9B,3,716,1,28.8404,0,5b0de7a9-e88f-4ecd-88b0-63819cbcb20e,2011-05-31 0:00:00
43693,324,EC62-4BB3-9B,1,773,1,2039.994,0,4401afcb-0a60-4f3a-9487-0ea37c05bc32,2011-05-31 0:00:00
43693,325,EC62-4BB3-9B,6,709,1,5.7,0,64e243f2-ff56-4f66-8f1b-deba74ac97e7,2011-05-31 0:00:00
43693,326,EC62-4BB3-9B,2,707,1,20.1865,0,b654b9a3-bc7a-4912-84b6-02024fa0ad6f,2011-05-31 0:00:00
43693,327,EC62-4BB3-9B,3,771,1,2039.994,0,6eef57ec-8bd9-43e9-871e-b29c4b76589e,2011-05-31 0:00:00
43693,328,EC62-4BB3-9B,2,708,1,20.1865,0,ccbe64e1-2b1e-4180-831c-c264b0f5e9a6,2011-05-31 0:00:00
43693,329,EC62-4BB3-9B,1,774,1,2039.994,0,1ed39457-4fbb-42a4-b8bb-cb829f324c8d,2011-05-31 0:00:00
43693,330,EC62-4BB3-9B,3,777,1,2024.994,0,4cc880c9-0811-4e2e-a9f9-3499dc5d6139,2011-05-31 0:00:00
43693,331,EC62-4BB3-9B,1,772,1,2039.994,0,4528aaad-ba7f-4aa0-be2f-727e4a20f159,2011-05-31 0:00:00
43693,332,EC62-4BB3-9B,1,778,1,2024.994,0,0958ec57-218b-43b0-8b92-c23b2c010267,2011-05-31 0:00:00
43694,333,EC3D-48E0-A6,3,776,1,2024.994,0,e35bd3a3-1a70-4151-a854-75167e12fdc2,2011-05-31 0:00:00
43694,334,EC3D-48E0-A6,3,771,1,2039.994,0,c1a906d6-6e34-41fd-a038-7cebb911ac20,2011-05-31 0:00:00
43694,335,EC3D-48E0-A6,2,715,1,28.8404,0,2951bc71-5308-431d-b801-df08d2f9a2a3,2011-05-31 0:00:00
43694,336,EC3D-48E0-A6,1,772,1,2039.994,0,2c96b4a9-83b2-43ea-8eee-f678bc4a126f,2011-05-31 0:00:00
43694,337,EC3D-48E0-A6,3,716,1,28.8404,0,7b08c20b-9a3f-4cfc-b70b-e13375286740,2011-05-31 0:00:00
43694,338,EC3D-48E0-A6,1,707,1,20.1865,0,7a4a4742-3cf5-47a4-b93e-b0fd2c907633,2011-05-31 0:00:00
43694,339,EC3D-48E0-A6,1,708,1,20.1865,0,f6073e49-c91d-40b4-b67e-aed04d20f0f0,2011-05-31 0:00:00
43694,340,EC3D-48E0-A6,1,774,1,2039.994,0,278bddfb-441a-409c-85ac-bb6107f824c8,2011-05-31 0:00:00
43694,341,EC3D-48E0-A6,2,773,1,2039.994,0,0886f961-f7b5-4ca0-8b96-b607769258b9,2011-05-31 0:00:00
43694,342,EC3D-48E0-A6,1,712,1,5.1865,0,2c7f7c8e-3fff-46af-9220-44b57187df18,2011-05-31 0:00:00
43694,343,EC3D-48E0-A6,5,711,1,20.1865,0,d5ab9907-676f-480f-bfb9-4f79d5e9bec7,2011-05-31 0:00:00
43695,344,A89C-4D25-B9,2,774,1,2039.994,0,2f50094d-349f-443a-a777-f0ebe9c77f32,2011-05-31 0:00:00
43695,345,A89C-4D25-B9,2,748,1,722.5949,0,a1a41fdf-0d9c-45fd-a0e9-1fac5674dc90,2011-05-31 0:00:00
43695,346,A89C-4D25-B9,1,747,1,714.7043,0,8a331a93-f40b-4e68-85cb-340ebc45cc19,2011-05-31 0:00:00
43695,347,A89C-4D25-B9,1,742,1,722.5949,0,dad8891e-bbd0-4dab-a435-a55a48fe27a3,2011-05-31 0:00:00
43695,348,A89C-4D25-B9,5,777,1,2024.994,0,18b1e281-bbbe-43cd-b075-2c3da595dcbb,2011-05-31 0:00:00
43695,349,A89C-4D25-B9,6,778,1,2024.994,0,0b032e0c-cd1a-41db-af90-1d6e3b3ddd62,2011-05-31 0:00:00
43695,350,A89C-4D25-B9,2,709,1,5.7,0,a1715191-290d-47ef-b541-010df248cc19,2011-05-31 0:00:00
43695,351,A89C-4D25-B9,5,775,1,2024.994,0,8e787c04-2393-45e9-b12d-a6fb337bf69f,2011-05-31 0:00:00
43696,352,50C1-41FA-BE,1,762,1,419.4589,0,a2c11a04-8769-4c35-b2fe-deef44b5ff92,2011-05-31 0:00:00
43697,353,,1,749,1,3578.27,0,ca258bf8-1f52-4ae6-8e8f-5439ae0c9509,2011-05-31 0:00:00
43698,354,,1,773,1,3399.99,0,a2d7730f-d2d0-4c47-8f36-fbd316680cef,2011-05-31 0:00:00
43699,355,,1,773,1,3399.99,0,2543c7bf-679b-47f3-a04f-eb5da849ef32,2011-05-31 0:00:00
43700,356,,1,767,1,699.0982,0,6d43204a-dba1-4013-bc4d-0273baa703c9,2011-05-31 0:00:00
43701,357,,1,773,1,3399.99,0,5ff3b05f-57f0-4885-8e7b-64c4ad71aeb5,2011-05-31 0:00:00
43702,358,,1,750,1,3578.27,0,c0b26057-26b3-40cd-b88b-b9986e6d382d,2011-06-01 0:00:00
43703,359,,1,749,1,3578.27,0,5f95a4ef-cdc3-45ba-8e9c-5d15afc4d092,2011-06-01 0:00:00
43704,360,,1,778,1,3374.99,0,4210cc33-1bd2-4e4f-a9c5-5344c8f63324,2011-06-01 0:00:00
43705,361,,1,771,1,3399.99,0,9e893bd4-7893-425e-aee0-82267a55f3fb,2011-06-01 0:00:00
43706,362,,1,751,1,3578.27,0,1d2f662d-d788-400e-9369-7cb0426ca32c,2011-06-02 0:00:00
43707,363,,1,751,1,3578.27,0,bf074a62-72e7-43e6-835b-18f19350666b,2011-06-02 0:00:00
43708,364,,1,764,1,699.0982,0,4c2e3d04-eae5-4ac7-b1e2-cb536207484f,2011-06-02 0:00:00
43709,365,,1,752,1,3578.27,0,12b03f29-ff7c-4b44-a1cb-eba68c7e570d,2011-06-02 0:00:00
43710,366,,1,753,1,3578.27,0,327d23fe-515f-427d-b6db-950ba849d8b3,2011-06-02 0:00:00
43711,367,,1,753,1,3578.27,0,0108830a-7b72-4b2f-98fc-296ba60bc0e3,2011-06-03 0:00:00
43712,368,,1,750,1,3578.27,0,0e448952-cf1b-4a1b-b474-c7680354751c,2011-06-03 0:00:00
43713,369,,1,749,1,3578.27,0,3ae2bd67-6f27-48ef-a9d7-6e77de249e60,2011-06-04 0:00:00
43714,370,,1,750,1,3578.27,0,c18d997c-74f1-4892-a8ce-e3a1ce1b6f61,2011-06-04 0:00:00
43715,371,,1,753,1,3578.27,0,7310bc43-688c-46f3-a84c-b26518723522,2011-06-04 0:00:00
43716,372,,1,750,1,3578.27,0,fe71035f-e2dc-4035-a541-e8439044311c,2011-06-04 0:00:00
43717,373,,1,767,1,699.0982,0,d73c5ccf-d9e6-4b7f-95b9-f5fa18b9019c,2011-06-04 0:00:00
43718,374,,1,750,1,3578.27,0,9700fc32-853e-499e-9845-6a41952cc1a3,2011-06-05 0:00:00
43719,375,,1,751,1,3578.27,0,17962f1d-6303-437c-a399-6b99472e8388,2011-06-05 0:00:00
43720,376,,1,750,1,3578.27,0,a201d36b-c9fe-4d58-a498-212b7c7e687d,2011-06-05 0:00:00
43721,377,,1,749,1,3578.27,0,cd51ea9a-fa63-49aa-ab3a-f4c8e342534b,2011-06-05 0:00:00
43722,378,,1,751,1,3578.27,0,b0b853b3-b765-447b-b535-fef749b51483,2011-06-06 0:00:00
43723,379,,1,765,1,699.0982,0,8f933504-27e7-40c3-87c5-11804f749d9b,2011-06-06 0:00:00
43724,380,,1,750,1,3578.27,0,4956d880-973e-4e09-aa4e-7706b8d3fbf7,2011-06-06 0:00:00
43725,381,,1,750,1,3578.27,0,970f197e-4010-43bd-ad03-78f76897457b,2011-06-07 0:00:00
43726,382,,1,765,1,699.0982,0,02aca6a5-10a3-47a8-aa6a-9487403bfd99,2011-06-07 0:00:00
43727,383,,1,750,1,3578.27,0,481f847a-d638-40b6-b9f8-cc8cf2ced66d,2011-06-07 0:00:00
43728,384,,1,752,1,3578.27,0,c41d958b-392c-4cb6-90c3-5ab50986a4cd,2011-06-08 0:00:00
43729,385,,1,773,1,3399.99,0,6926e9bf-da82-4319-b7ed-439e28dc860d,2011-06-08 0:00:00
43730,386,,1,773,1,3399.99,0,afd24489-e539-4bc9-ba5a-b7d1845fff26,2011-06-08 0:00:00
43731,387,,1,753,1,3578.27,0,6d40f9c4-7fa6-4089-9bd4-f5bd1731f454,2011-06-08 0:00:00
43732,388,,1,777,1,3374.99,0,221d863b-cc69-48f3-a23d-a15a30deec84,2011-06-08 0:00:00
43733,389,,1,751,1,3578.27,0,2168c59c-91ab-43f4-b76f-8cb56f7240c5,2011-06-08 0:00:00
43734,390,,1,751,1,3578.27,0,4e8b476d-edbc-4aeb-913e-0b02cf4bf801,2011-06-09 0:00:00
43735,391,,1,749,1,3578.27,0,74838ef7-fdeb-4eb3-8978-ba310fba82e6,2011-06-09 0:00:00
43736,392,,1,773,1,3399.99,0,3a0229fa-0a03-4126-97ce-c3425968b670,2011-06-09 0:00:00
43737,393,,1,750,1,3578.27,0,65afcce8-ca28-41c4-9a07-0265fb2da5c8,2011-06-10 0:00:00
43738,394,,1,751,1,3578.27,0,23b9d49f-c9ec-43d5-96f2-256751c3bf58,2011-06-10 0:00:00
43739,395,,1,749,1,3578.27,0,c5c2ae0a-4882-4a8a-a8cd-ae0618b892e4,2011-06-10 0:00:00
43740,396,,1,751,1,3578.27,0,958c968b-3777-46d6-8439-a5e767a6b7df,2011-06-10 0:00:00
43741,397,,1,749,1,3578.27,0,30a81f84-22bd-4c26-93bd-88eb92e0b15b,2011-06-11 0:00:00
43742,398,,1,753,1,3578.27,0,66eded2b-0fc4-4502-b832-d5cc4bc42654,2011-06-11 0:00:00
43743,399,,1,774,1,3399.99,0,36ae0966-8447-4fd0-acf6-d95218c9415b,2011-06-11 0:00:00
43744,400,,1,752,1,3578.27,0,bc4aaaae-2fb1-4966-8398-07bb0ac5892e,2011-06-11 0:00:00
43745,401,,1,750,1,3578.27,0,c23d6a3b-0962-493a-9343-dbf7f945cac5,2011-06-12 0:00:00
43746,402,,1,751,1,3578.27,0,829495fc-2896-4b2a-a715-a7f6197d2f8b,2011-06-12 0:00:00
43747,403,,1,753,1,3578.27,0,4d097d3b-109f-4b08-8df1-1fc1ffabc616,2011-06-13 0:00:00
43748,404,,1,752,1,3578.27,0,1c479c1c-1f37-4f96-b3b7-c992ba274bf2,2011-06-13 0:00:00
43749,405,,1,753,1,3578.27,0,926b0ad8-94af-4959-9ba6-a937baafe552,2011-06-13 0:00:00
43750,406,,1,750,1,3578.27,0,22734c25-f985-45d9-8b9b-b594e2657765,2011-06-13 0:00:00
43751,407,,1,752,1,3578.27,0,e6cbc46e-b722-4950-a9e0-22b033b636af,2011-06-13 0:00:00
43752,408,,1,750,1,3578.27,0,08ce7cb3-6e7b-4b43-82aa-44cd584290f5,2011-06-13 0:00:00
43753,409,,1,749,1,3578.27,0,cddf6c3c-9b0c-4370-946c-2bc601ef5556,2011-06-13 0:00:00
43754,410,,1,751,1,3578.27,0,ac6232c2-3562-4d90-9b37-d097a91e0100,2011-06-14 0:00:00
43755,411,,1,750,1,3578.27,0,be2ef178-0bc9-40a2-9494-202aa0388c22,2011-06-14 0:00:00
43756,412,,1,765,1,699.0982,0,dbe71a98-71fa-411a-b82a-4365bb38f1ae,2011-06-14 0:00:00
43757,413,,1,777,1,3374.99,0,3a660ba5-862f-4353-8c6f-5395e89ee91f,2011-06-14 0:00:00
43758,414,,1,749,1,3578.27,0,b25594f7-d07c-4975-a594-27b3c92f3230,2011-06-15 0:00:00
43759,415,,1,749,1,3578.27,0,42e7a2b4-cba1-46ca-8ca5-80a7fcf21838,2011-06-15 0:00:00
43760,416,,1,753,1,3578.27,0,0763e3f6-f559-4c0e-b759-e51e83ed21d8,2011-06-15 0:00:00
43761,417,,1,749,1,3578.27,0,8536c3d3-79f8-4572-a0a2-3b973ebfbac5,2011-06-15 0:00:00
43762,418,,1,753,1,3578.27,0,658e92bc-6b2c-405c-a582-94fd2b266fcb,2011-06-16 0:00:00
43763,419,,1,752,1,3578.27,0,9211f190-790b-460a-adbb-83ef325b1342,2011-06-16 0:00:00
43764,420,,1,749,1,3578.27,0,013ccceb-e122-42c1-acf5-1b939b38cb1f,2011-06-16 0:00:00
43765,421,,1,773,1,3399.99,0,520845a5-d596-49dd-b112-be7bfa7675ff,2011-06-16 0:00:00
43766,422,,1,752,1,3578.27,0,2bc870c7-3943-4c42-9d76-68c89d8c9fbc,2011-06-17 0:00:00
43767,423,,1,777,1,3374.99,0,867c2fc3-838a-41b1-8988-8baca86845e4,2011-06-17 0:00:00
43768,424,,1,751,1,3578.27,0,89573f74-a3e5-435a-9df4-734666364e5e,2011-06-18 0:00:00
43769,425,,1,751,1,3578.27,0,4c5ae3eb-e16f-4f70-a14f-bca493912e07,2011-06-18 0:00:00
43770,426,,1,751,1,3578.27,0,309eab0c-c708-4ca8-9702-db36f93021f9,2011-06-18 0:00:00
43771,427,,1,764,1,699.0982,0,1d4d97a4-c854-4e65-98f9-b89fa2c8cf89,2011-06-18 0:00:00
43772,428,,1,751,1,3578.27,0,1ecf4749-9aa9-49d9-aab9-2b3817b85df0,2011-06-18 0:00:00
43773,429,,1,753,1,3578.27,0,df955bec-27de-4051-9bb9-863b4133eae4,2011-06-18 0:00:00
43774,430,,1,752,1,3578.27,0,599ee530-7bd4-40ea-a157-20a090026d49,2011-06-18 0:00:00
43775,431,,1,774,1,3399.99,0,d906987c-25ab-49d9-9ed1-0c80ad58b727,2011-06-18 0:00:00
43776,432,,1,753,1,3578.27,0,80b14275-869b-4fa3-9daf-e675d909d8d8,2011-06-19 0:00:00
43777,433,,1,750,1,3578.27,0,65ab20fc-af4e-49b8-aa1b-ca633607deff,2011-06-19 0:00:00
43778,434,,1,772,1,3399.99,0,f68d0ca5-83e8-4331-bdb0-989aed46b886,2011-06-19 0:00:00
43779,435,,1,762,1,699.0982,0,ae6c2037-6151-479c-9f44-2762f3e1b973,2011-06-19 0:00:00
43780,436,,1,750,1,3578.27,0,3d743a60-d07f-4141-80bf-70bdedf5c00c,2011-06-20 0:00:00
43781,437,,1,751,1,3578.27,0,68d4227f-aee4-45dc-a46c-58a1a4feed36,2011-06-20 0:00:00
43782,438,,1,751,1,3578.27,0,3ad2f529-0552-4e0b-9652-3087e73d6e06,2011-06-20 0:00:00
43783,439,,1,751,1,3578.27,0,b28e802a-719b-4c3f-8452-b73739acbe62,2011-06-20 0:00:00
43784,440,,1,749,1,3578.27,0,dc1b02e8-e583-4039-a571-f4e4ce0d8dde,2011-06-21 0:00:00
43785,441,,1,750,1,3578.27,0,6519caab-312e-4b67-ac6a-791ea1658b94,2011-06-21 0:00:00
43786,442,,1,750,1,3578.27,0,2441394c-ceca-4097-9790-b1767c02be37,2011-06-21 0:00:00
43787,443,,1,771,1,3399.99,0,41e147e1-8ec1-4deb-9a06-0c3908103b93,2011-06-21 0:00:00
43788,444,,1,778,1,3374.99,0,e4b9982a-5574-4f6d-b1f3-6ad7f42c8cb1,2011-06-21 0:00:00
43789,445,,1,778,1,3374.99,0,2b248b0f-e4a7-42e0-b073-e4ed80fd7e27,2011-06-21 0:00:00
43790,446,,1,771,1,3399.99,0,066e1f08-f14f-4545-b322-f6f01ee74165,2011-06-21 0:00:00
43791,447,,1,753,1,3578.27,0,d651683e-df2e-44c1-8cff-fe81a1a518b2,2011-06-21 0:00:00
43792,448,,1,751,1,3578.27,0,a68d1116-1d57-4ce8-9698-7a74b3fcd974,2011-06-21 0:00:00
43793,449,,1,771,1,3399.99,0,edb7adbb-e2e4-46ba-9fc3-d156b59fb639,2011-06-21 0:00:00
43794,450,,1,774,1,3399.99,0,9f064cab-5424-499d-ae04-0dd00a4795e7,2011-06-21 0:00:00
43795,451,,1,751,1,3578.27,0,01cfa368-18b8-422d-9c8c-7f63261f7eea,2011-06-22 0:00:00
43796,452,,1,770,1,699.0982,0,97369587-c720-46d1-b056-e58566bd9848,2011-06-22 0:00:00
43797,453,,1,751,1,3578.27,0,98de8798-8b43-4f20-8b13-2ffeedb18570,2011-06-22 0:00:00
43798,454,,1,749,1,3578.27,0,35621771-6299-4880-8de4-293ab2206539,2011-06-22 0:00:00
43799,455,,1,751,1,3578.27,0,e6ac8d26-318a-46eb-916a-ece200126891,2011-06-22 0:00:00
43800,456,,1,750,1,3578.27,0,5e4dc9b7-5adf-402e-a185-71cb9c255ab5,2011-06-23 0:00:00
43801,457,,1,750,1,3578.27,0,f47735e8-db2a-42de-97c8-a037ee430203,2011-06-23 0:00:00
43802,458,,1,751,1,3578.27,0,11849a7c-a4ab-4696-8e8e-517897a4175d,2011-06-23 0:00:00
43803,459,,1,753,1,3578.27,0,eddf701b-b6e6-444a-8491-2965b6e5d984,2011-06-24 0:00:00
43804,460,,1,749,1,3578.27,0,ac4f7b68-5832-455d-9eb3-913b51ef5947,2011-06-24 0:00:00
43805,461,,1,763,1,699.0982,0,329c7291-89dc-410f-b8f2-bffab367150e,2011-06-24 0:00:00
43806,462,,1,751,1,3578.27,0,fd3438ab-0981-4a33-973b-1434631b4382,2011-06-24 0:00:00
43807,463,,1,751,1,3578.27,0,5083ddfe-975b-4a13-88b6-1bbeb1578b56,2011-06-25 0:00:00
43808,464,,1,752,1,3578.27,0,7966ae76-9d2b-45c4-a00d-8a0c7e3fb68a,2011-06-25 0:00:00
43809,465,,1,749,1,3578.27,0,76cfbcfe-db6c-4c65-9c44-a1981e8a9f03,2011-06-25 0:00:00
43810,466,,1,772,1,3399.99,0,9e2dd761-280d-4752-8346-15a299515058,2011-06-25 0:00:00
43811,467,,1,773,1,3399.99,0,bb149cbf-03f9-45ac-bd64-7ba53fb009cf,2011-06-25 0:00:00
43812,468,,1,751,1,3578.27,0,875bc6ba-98ab-4b19-9b5c-9ec97d7016ed,2011-06-26 0:00:00
43813,469,,1,777,1,3374.99,0,d4485efb-c02e-400e-8ad1-8da2c9ecc181,2011-06-26 0:00:00
43814,470,,1,777,1,3374.99,0,52a6020c-8d78-4573-a314-e99369f105f6,2011-06-26 0:00:00
43815,471,,1,750,1,3578.27,0,c1cb1472-6baa-49f2-a8e3-a5f0d98cb3d4,2011-06-26 0:00:00
43816,472,,1,753,1,3578.27,0,a7b240e8-c5bd-4acf-88da-ef6523dc9810,2011-06-26 0:00:00
43817,473,,1,749,1,3578.27,0,b08a0231-559e-45ba-9436-f6e96158497e,2011-06-26 0:00:00
43818,474,,1,751,1,3578.27,0,951f37ac-6148-423a-8e44-8cf9e25fb86c,2011-06-26 0:00:00
43819,475,,1,773,1,3399.99,0,e487c90c-ba02-44db-8513-7cb7242fb153,2011-06-26 0:00:00
43820,476,,1,751,1,3578.27,0,7b562135-9055-4bed-a928-7bc18cfad2a0,2011-06-27 0:00:00
43821,477,,1,749,1,3578.27,0,08965ad5-e6bf-4453-b9af-9af786698da3,2011-06-27 0:00:00
43822,478,,1,752,1,3578.27,0,e39579d3-3079-4611-a5c6-ed62055ebcc2,2011-06-27 0:00:00
43823,479,,1,770,1,699.0982,0,f61ba602-9b26-4e7e-8c8c-4c7e552a948b,2011-06-27 0:00:00
43824,480,,1,768,1,699.0982,0,5ff814ac-dd77-4813-86ef-c1e7b3ead522,2011-06-27 0:00:00
43825,481,,1,752,1,3578.27,0,2c9cad38-8d4d-4427-b2bb-65d524d21b96,2011-06-27 0:00:00
43826,482,,1,775,1,3374.99,0,72865402-aeea-4fca-b3eb-e9716fbd3b33,2011-06-27 0:00:00
43827,483,,1,768,1,699.0982,0,546e966c-1a1b-4d8d-ae04-0150279408bd,2011-06-27 0:00:00
43828,484,,1,749,1,3578.27,0,22cb1381-1e9f-4a54-abda-787add7ada29,2011-06-28 0:00:00
43829,485,,1,749,1,3578.27,0,c194ea6e-a0cf-435b-baa5-00c813c86e25,2011-06-28 0:00:00
43830,486,,1,750,1,3578.27,0,46862b8a-4c9f-43ad-a2e7-2924ab5f5fa9,2011-06-28 0:00:00
43831,487,,1,776,1,3374.99,0,75917978-dc30-4dfd-ac64-f60a1066db7d,2011-06-28 0:00:00
43832,488,,1,749,1,3578.27,0,c2edb10c-c9e7-40f3-bc40-72e2917634c0,2011-06-28 0:00:00
43833,489,,1,749,1,3578.27,0,31dda680-5261-490e-8af4-19cb466509fd,2011-06-29 0:00:00
43834,490,,1,775,1,3374.99,0,f50b3d4b-00f0-42b8-b7e8-baef33ffaa35,2011-06-29 0:00:00
43835,491,,1,775,1,3374.99,0,7984de2c-cdcf-4c8f-b67d-b35e14b92a47,2011-06-29 0:00:00
43836,492,,1,761,1,699.0982,0,641086f2-e8fd-4893-b19b-e474979694d1,2011-06-29 0:00:00
43837,493,,1,777,1,3374.99,0,972aa63d-fad2-4910-b62a-4f03eed96108,2011-06-29 0:00:00
43838,494,,1,752,1,3578.27,0,d9ff2939-4951-49e5-a24d-60939681a0a9,2011-06-30 0:00:00
43839,495,,1,750,1,3578.27,0,a1c24d41-4eb2-4f17-ac12-b68fa77e254d,2011-06-30 0:00:00
43840,496,,1,762,1,699.0982,0,ff45d9f4-fc1f-4812-8433-3574716ee1db,2011-06-30 0:00:00
43841,497,,1,753,1,3578.27,0,f674301d-608a-4cf7-9e56-69d26ce098b3,2011-06-30 0:00:00
43842,498,,1,751,1,3578.27,0,1d47eb20-94e5-4fb6-8acd-ebbbe6218e2b,2011-06-30 0:00:00
43843,499,AEB6-4356-80,2,774,1,2039.994,0,134bfb7c-1f80-44ce-9407-71d0e5fc1083,2011-07-01 0:00:00
43843,500,AEB6-4356-80,2,778,1,2024.994,0,fc0b0562-3523-4ea7-8409-13ae845e4122,2011-07-01 0:00:00
43843,501,AEB6-4356-80,2,742,1,722.5949,0,ac7b4639-3666-42e8-802e-8c10a655d8f2,2011-07-01 0:00:00
43843,502,AEB6-4356-80,5,777,1,2024.994,0,cfc83f70-7c2e-4005-8c8c-5986a216db67,2011-07-01 0:00:00
43843,503,AEB6-4356-80,2,748,1,722.5949,0,9b0a4e28-19f0-4eef-92c7-9d70c3700d5a,2011-07-01 0:00:00
43843,504,AEB6-4356-80,1,741,1,818.7,0,8c719e36-2349-41e1-aec5-68f1a71515a7,2011-07-01 0:00:00
43843,505,AEB6-4356-80,1,745,1,809.76,0,7b88e9c2-43ca-49ab-ad7c-112e98ec2fa3,2011-07-01 0:00:00
43843,506,AEB6-4356-80,2,771,1,2039.994,0,720932c9-64b6-46b3-bcf3-0a1cd0415483,2011-07-01 0:00:00
43843,507,AEB6-4356-80,2,709,1,5.7,0,4bb28439-683b-4d0b-88af-67990d7b22e2,2011-07-01 0:00:00
43843,508,AEB6-4356-80,3,776,1,2024.994,0,442dd51f-7b31-4216-a6fd-5e7d13e25bc0,2011-07-01 0:00:00
43844,509,15C3-40C5-AC,4,775,1,2024.994,0,8cbddfb0-f366-41a9-a4fc-e20be6d9e622,2011-07-01 0:00:00
43844,510,15C3-40C5-AC,2,776,1,2024.994,0,5267d3d2-56a4-4cf4-9ecb-1773b40e9ddd,2011-07-01 0:00:00
43844,511,15C3-40C5-AC,3,777,1,2024.994,0,86584557-9475-469f-9b0a-f73b8d71ddee,2011-07-01 0:00:00
43844,512,15C3-40C5-AC,1,778,1,2024.994,0,2df29ce3-8b90-4730-b0b2-ba63b4b44603,2011-07-01 0:00:00
43845,513,2E65-4D8B-9A,1,725,1,183.9382,0,6d43168e-a51c-42f9-aecf-2305f375877f,2011-07-01 0:00:00
43845,514,2E65-4D8B-9A,3,715,1,28.8404,0,f15281b1-ddee-4395-9968-e6e15f01d44b,2011-07-01 0:00:00
43845,515,2E65-4D8B-9A,1,770,1,419.4589,0,e4382a76-3575-4818-8638-ce334e767dac,2011-07-01 0:00:00
43845,516,2E65-4D8B-9A,2,763,1,419.4589,0,d3da99a2-b101-47bf-b9cf-3eb90ec2f68b,2011-07-01 0:00:00
43845,517,2E65-4D8B-9A,2,761,1,419.4589,0,bd58b896-341d-4513-826b-8c6a7266dad0,2011-07-01 0:00:00
43845,518,2E65-4D8B-9A,1,754,1,874.794,0,434c7866-c929-4b31-b31d-6ad1ea98b340,2011-07-01 0:00:00
43845,519,2E65-4D8B-9A,2,765,1,419.4589,0,93488c68-f55c-4526-97a7-ccb6785a0b09,2011-07-01 0:00:00
43845,520,2E65-4D8B-9A,2,753,1,2146.962,0,e5fa900b-1325-4c83-badc-61e8698cb0fd,2011-07-01 0:00:00
43845,521,2E65-4D8B-9A,1,729,1,183.9382,0,23e9275e-048c-4712-a094-8af6ddd96f5a,2011-07-01 0:00:00
43845,522,2E65-4D8B-9A,4,712,1,5.1865,0,fdc83203-1557-49ac-a512-a606624a1150,2011-07-01 0:00:00
43846,523,A787-4CD2-A0,3,729,1,183.9382,0,33aee166-e7e4-421b-9662-d14747b8cb20,2011-07-01 0:00:00
43846,524,A787-4CD2-A0,1,712,1,5.1865,0,e649ef9b-3729-4de6-916d-f14e45f8291f,2011-07-01 0:00:00
43846,525,A787-4CD2-A0,1,738,1,178.5808,0,edcdb7cb-22b2-4723-ac36-8f990b31411e,2011-07-01 0:00:00
43846,526,A787-4CD2-A0,1,725,1,183.9382,0,30350653-2aee-436f-b5b8-103795c7ac4c,2011-07-01 0:00:00
43847,527,4E09-4638-82,1,715,1,28.8404,0,7fe2d17b-1ed0-40ca-9f29-7817e7e1f07b,2011-07-01 0:00:00
43847,528,4E09-4638-82,1,712,1,5.1865,0,3ef44a3f-1ff6-4ee1-a37d-4589c8954314,2011-07-01 0:00:00
43847,529,4E09-4638-82,1,758,1,874.794,0,82528a98-2118-4f32-820b-1974f281b175,2011-07-01 0:00:00
43848,530,FB94-4C38-B1,1,773,1,2039.994,0,89bdc248-15d2-4ac9-bb5f-4b18e84bb0c1,2011-07-01 0:00:00
43848,531,FB94-4C38-B1,1,778,1,2024.994,0,e122dadb-f8f8-4abb-9fe1-b6d0535371e7,2011-07-01 0:00:00
43848,532,FB94-4C38-B1,1,775,1,2024.994,0,798f0a2f-a043-4c77-9c68-90fdde0250d0,2011-07-01 0:00:00
43848,533,FB94-4C38-B1,4,776,1,2024.994,0,d56bc1df-6a5c-4136-a843-e99eb70d72c1,2011-07-01 0:00:00
43848,534,FB94-4C38-B1,2,771,1,2039.994,0,58529a05-38f6-4780-a1af-e7ad4e1f2627,2011-07-01 0:00:00
43849,535,D0B8-4476-BA,2,776,1,2024.994,0,7f9765dd-3214-4248-8020-9eea304a18fd,2011-07-01 0:00:00
43849,536,D0B8-4476-BA,1,714,1,28.8404,0,0b8ded42-8659-485a-bfc5-befe80cef3cd,2011-07-01 0:00:00
43849,537,D0B8-4476-BA,2,777,1,2024.994,0,6b725b0d-ea69-4d34-9891-299228aed41e,2011-07-01 0:00:00
43849,538,D0B8-4476-BA,2,771,1,2039.994,0,7a2fe5dd-95ac-4a35-b4a6-57a57bcac716,2011-07-01 0:00:00
43849,539,D0B8-4476-BA,1,711,1,20.1865,0,05299481-4c8b-4e45-87cb-f8c26c85bce5,2011-07-01 0:00:00
43849,540,D0B8-4476-BA,1,773,1,2039.994,0,ef79d642-557b-4575-8547-bd1912070816,2011-07-01 0:00:00
43849,541,D0B8-4476-BA,4,715,1,28.8404,0,a3e059b9-a614-4ffa-bcba-1dabccc86217,2011-07-01 0:00:00
43849,542,D0B8-4476-BA,1,772,1,2039.994,0,e8d670d8-17cf-4fa4-8fd9-556da304b574,2011-07-01 0:00:00
43849,543,D0B8-4476-BA,1,707,1,20.1865,0,a73c815d-f995-4d55-a5eb-1abcfeb8ef25,2011-07-01 0:00:00
43849,544,D0B8-4476-BA,2,774,1,2039.994,0,effce41a-5e69-4c36-a1e3-db58fcd5d6b8,2011-07-01 0:00:00
43849,545,D0B8-4476-BA,1,708,1,20.1865,0,de55811b-8674-4a8c-86ad-f0fe3cdb9383,2011-07-01 0:00:00
43850,546,EBA6-4C6F-86,1,765,1,419.4589,0,e94db093-a80c-4151-9eaf-b000426a4134,2011-07-01 0:00:00
43850,547,EBA6-4C6F-86,1,755,1,874.794,0,e2227833-5ee5-443a-ad49-fe7201054188,2011-07-01 0:00:00
43850,548,EBA6-4C6F-86,1,761,1,419.4589,0,34d60709-5afa-4833-a713-fb4b8d027387,2011-07-01 0:00:00
43850,549,EBA6-4C6F-86,2,762,1,419.4589,0,dc73c754-00cf-4cf2-a71e-929d2e58dc6e,2011-07-01 0:00:00
43850,550,EBA6-4C6F-86,1,753,1,2146.962,0,f4ab6a50-6983-4d78-9bcb-0fe99689b113,2011-07-01 0:00:00
43850,551,EBA6-4C6F-86,3,725,1,183.9382,0,5ca533eb-92b9-4374-ae9b-2a86a1fb5909,2011-07-01 0:00:00
43850,552,EBA6-4C6F-86,1,729,1,183.9382,0,95bfa84c-5cd4-4118-a086-56258134ce26,2011-07-01 0:00:00
43850,553,EBA6-4C6F-86,3,758,1,874.794,0,4ced1411-0b64-4db1-8bac-b516202e1432,2011-07-01 0:00:00
43850,554,EBA6-4C6F-86,1,756,1,874.794,0,2d6c786d-74d0-4baf-aa57-67b7d2f9cf5b,2011-07-01 0:00:00
43850,555,EBA6-4C6F-86,3,732,1,356.898,0,00c26397-888e-4a04-ac53-95743f53125e,2011-07-01 0:00:00
43850,556,EBA6-4C6F-86,1,738,1,178.5808,0,5719af1b-174c-47cd-a36a-5e76e338363e,2011-07-01 0:00:00
43851,557,56EA-48EB-96,2,761,1,419.4589,0,869380b8-1043-4acb-be08-b2102cceaf06,2011-07-01 0:00:00
43851,558,56EA-48EB-96,1,760,1,419.4589,0,ec05b266-5271-467a-a6d4-2c52417f60d9,2011-07-01 0:00:00
43851,559,56EA-48EB-96,1,711,1,20.1865,0,0a95e856-98de-472d-9d4f-0f02db686800,2011-07-01 0:00:00
43851,560,56EA-48EB-96,3,770,1,419.4589,0,faedf6d2-fd57-40b7-b6bb-b59ed5f8de92,2011-07-01 0:00:00
43851,561,56EA-48EB-96,1,707,1,20.1865,0,b4789533-b397-4700-9aa3-da96c5be1499,2011-07-01 0:00:00
43851,562,56EA-48EB-96,1,725,1,183.9382,0,5536e784-65e3-4650-945f-b552289f7275,2011-07-01 0:00:00
43851,563,56EA-48EB-96,1,754,1,874.794,0,25b8a595-164c-43ee-af77-0603900b9ba2,2011-07-01 0:00:00
43851,564,56EA-48EB-96,3,738,1,178.5808,0,29343616-868a-4f00-8976-fa63bd68d01d,2011-07-01 0:00:00
43851,565,56EA-48EB-96,1,753,1,2146.962,0,8d021f49-c209-48a0-89cb-3bcd8ed026f6,2011-07-01 0:00:00
43851,566,56EA-48EB-96,1,765,1,419.4589,0,276d1102-9940-45cb-a41f-02d4388011cf,2011-07-01 0:00:00
43851,567,56EA-48EB-96,1,712,1,5.1865,0,15b91803-0e29-495c-ad42-e185cd16a73c,2011-07-01 0:00:00
43851,568,56EA-48EB-96,3,708,1,20.1865,0,c6a9f3ca-1c87-4a26-a706-2e66852205e4,2011-07-01 0:00:00
43852,569,C745-45C2-A1,1,776,1,2024.994,0,2e82577e-b090-4b98-b241-2f58d9e19f3d,2011-07-01 0:00:00
43853,570,434D-4DAA-96,2,777,1,2024.994,0,9de4cc4e-4c74-43b1-ba66-076146bef1e6,2011-07-01 0:00:00
43853,571,434D-4DAA-96,1,773,1,2039.994,0,3db92338-d040-4dc3-8b4f-6c9c91393abe,2011-07-01 0:00:00
43853,572,434D-4DAA-96,1,771,1,2039.994,0,5fb12e7d-5434-44d8-835e-0396a5c91f5a,2011-07-01 0:00:00
43853,573,434D-4DAA-96,4,776,1,2024.994,0,48a0b8bb-03b5-490d-81db-477fd8ac2b5a,2011-07-01 0:00:00
43853,574,434D-4DAA-96,2,775,1,2024.994,0,77445e7f-4907-4cab-8eee-bff1d60d20e5,2011-07-01 0:00:00
43853,575,434D-4DAA-96,3,778,1,2024.994,0,544dff79-13f2-463c-8b67-acdd977d7215,2011-07-01 0:00:00
43854,576,D379-445F-92,2,758,1,874.794,0,da842d93-9e4d-495b-b370-56b9a0baa6a7,2011-07-01 0:00:00
43855,577,FB88-4B92-82,2,765,1,419.4589,0,4a1bae0b-529b-444a-979e-5f6da19791a1,2011-07-01 0:00:00
43855,578,FB88-4B92-82,2,760,1,419.4589,0,944ec7af-c92b-4549-b908-4807064e658e,2011-07-01 0:00:00
43855,579,FB88-4B92-82,1,753,1,2146.962,0,1f058d95-c015-4db0-9e6d-3cab83e17654,2011-07-01 0:00:00
43855,580,FB88-4B92-82,4,761,1,419.4589,0,5f8a4cfd-0a77-418c-b1d7-caf73376978b,2011-07-01 0:00:00
43855,581,FB88-4B92-82,1,738,1,178.5808,0,75d8bbaf-25b4-4153-901f-5258f9bced0a,2011-07-01 0:00:00
43855,582,FB88-4B92-82,3,762,1,419.4589,0,240c5ac0-2f2e-4a15-8bbc-b1281bcd44a4,2011-07-01 0:00:00
43855,583,FB88-4B92-82,2,732,1,356.898,0,8253c5f3-efdf-4d1d-bd20-14c0331e46cf,2011-07-01 0:00:00
43855,584,FB88-4B92-82,1,766,1,419.4589,0,bc9b1786-ac96-4883-b7be-5cde9bdf93fa,2011-07-01 0:00:00
43855,585,FB88-4B92-82,1,726,1,183.9382,0,623e0fb8-05cd-4427-8d3d-38e8d70cf672,2011-07-01 0:00:00
43855,586,FB88-4B92-82,2,770,1,419.4589,0,929c6387-747c-4bbb-bee4-d6b7a3213baa,2011-07-01 0:00:00
43855,587,FB88-4B92-82,1,725,1,183.9382,0,14da34f2-9741-47e1-b41a-54b82c7de63a,2011-07-01 0:00:00
43855,588,FB88-4B92-82,1,755,1,874.794,0,43653a7b-be26-4847-ad75-046243b74614,2011-07-01 0:00:00
43855,589,FB88-4B92-82,2,768,1,419.4589,0,a8674eed-5369-4c66-ba1b-780c39972883,2011-07-01 0:00:00
43856,590,745E-4F74-BC,2,709,1,5.7,0,bf9ddee4-0681-4985-a49c-ba4ff74d9b3d,2011-07-01 0:00:00
43856,591,745E-4F74-BC,1,777,1,2024.994,0,1c772d6b-656a-4b54-bbf8-361dc48a0932,2011-07-01 0:00:00
43857,592,0CD4-4091-9B,1,760,1,419.4589,0,29c604e3-f9aa-482a-9e97-8661faf8ce29,2011-07-01 0:00:00
43857,593,0CD4-4091-9B,1,765,1,419.4589,0,e49ba461-1183-426e-b042-def8c1314b4f,2011-07-01 0:00:00
43857,594,0CD4-4091-9B,2,762,1,419.4589,0,431f6ae1-ee0e-4642-9f64-d8045f05bc38,2011-07-01 0:00:00
43857,595,0CD4-4091-9B,3,758,1,874.794,0,bf3dc300-a6b5-4688-ae1a-88a1963fbaf5,2011-07-01 0:00:00
43857,596,0CD4-4091-9B,1,715,1,28.8404,0,25835d84-4dd9-46cb-a6d3-b7354c11ef57,2011-07-01 0:00:00
43857,597,0CD4-4091-9B,3,712,1,5.1865,0,4f57c443-0220-4490-a9b0-a5c4b9e922aa,2011-07-01 0:00:00
43857,598,0CD4-4091-9B,1,716,1,28.8404,0,d01a0b78-2639-4814-ac5b-4f56c8f8df10,2011-07-01 0:00:00
43857,599,0CD4-4091-9B,1,725,1,183.9382,0,734ffd95-586b-4edf-aa67-03ffb3f5f2e9,2011-07-01 0:00:00
43857,600,0CD4-4091-9B,2,711,1,20.1865,0,0d1ace97-b7ee-4849-a43f-a85288666da4,2011-07-01 0:00:00
43857,601,0CD4-4091-9B,1,708,1,20.1865,0,a48e6a4d-d5fe-473e-8e63-cf667b1618cd,2011-07-01 0:00:00
43857,602,0CD4-4091-9B,2,738,1,178.5808,0,7f0bb850-3d59-460b-a31e-8109ab61d057,2011-07-01 0:00:00
43857,603,0CD4-4091-9B,1,763,1,419.4589,0,0fb269b1-c675-4e52-8f06-847732a1a15c,2011-07-01 0:00:00
43857,604,0CD4-4091-9B,2,754,1,874.794,0,b564b7dd-28d2-4810-b546-c6a5a3d266c2,2011-07-01 0:00:00
43857,605,0CD4-4091-9B,2,707,1,20.1865,0,106db8b3-5480-4cbb-9149-36079a70d10c,2011-07-01 0:00:00
43858,606,8FFA-4339-B7,2,762,1,419.4589,0,4bd5ab05-2295-40e7-bea2-d6efe3b90983,2011-07-01 0:00:00
43858,607,8FFA-4339-B7,2,761,1,419.4589,0,e6e0945e-27e5-4c13-92c9-08c374fe08dc,2011-07-01 0:00:00
43858,608,8FFA-4339-B7,5,770,1,419.4589,0,ed797f1e-275f-4388-a123-25c3919ee3dc,2011-07-01 0:00:00
43858,609,8FFA-4339-B7,1,765,1,419.4589,0,782659e6-1419-40a5-b7c6-e3830834dad7,2011-07-01 0:00:00
43858,610,8FFA-4339-B7,2,738,1,178.5808,0,b1527c4f-8425-4cbc-b3d6-283cbea0ae1d,2011-07-01 0:00:00
43858,611,8FFA-4339-B7,3,763,1,419.4589,0,a6dd3506-b71a-4c7c-b0e5-8140df77134a,2011-07-01 0:00:00
43858,612,8FFA-4339-B7,2,754,1,874.794,0,0d68893f-5e4f-42d3-8ea9-191dd7d4a6cf,2011-07-01 0:00:00
43858,613,8FFA-4339-B7,1,722,1,178.5808,0,f3ed3526-dd66-4466-93bc-51d62f727d2c,2011-07-01 0:00:00
43858,614,8FFA-4339-B7,2,753,1,2146.962,0,c29b85db-7fd8-43bd-b8d8-26aad7a7f010,2011-07-01 0:00:00
43858,615,8FFA-4339-B7,1,726,1,183.9382,0,1f00aea4-1661-4648-a641-f3bcc8d3e522,2011-07-01 0:00:00
43858,616,8FFA-4339-B7,1,766,1,419.4589,0,c8b5dfd1-563f-40f4-9c5d-42ea0512589f,2011-07-01 0:00:00
43858,617,8FFA-4339-B7,1,729,1,183.9382,0,a039351e-7e6b-4445-ba61-a217d916f20e,2011-07-01 0:00:00
43858,618,8FFA-4339-B7,1,756,1,874.794,0,67fc094e-f243-4cd3-a2b8-eaf4c7ecb46e,2011-07-01 0:00:00
43859,619,2C16-4AA6-B4,1,715,1,28.8404,0,ad67a30f-7ffd-4103-84a5-5bbc7f65a2e0,2011-07-01 0:00:00
43859,620,2C16-4AA6-B4,1,762,1,419.4589,0,ca19e9f8-e087-47aa-a053-fd67cfd707ce,2011-07-01 0:00:00
43859,621,2C16-4AA6-B4,3,758,1,874.794,0,fcbde32a-8b67-47a5-a9ea-4dbe1f0eeb92,2011-07-01 0:00:00
43859,622,2C16-4AA6-B4,2,760,1,419.4589,0,ea3287c8-daa4-4031-8b2d-816f5edf4961,2011-07-01 0:00:00
43860,623,E57D-4B4B-BF,2,761,1,419.4589,0,3971bd88-4512-4c49-8c1b-bcd9cc920900,2011-07-01 0:00:00
43860,624,E57D-4B4B-BF,1,770,1,419.4589,0,0700aad3-f20a-4e72-908c-dfff0a994348,2011-07-01 0:00:00
43860,625,E57D-4B4B-BF,2,758,1,874.794,0,70176a9a-ddc7-4b0b-abf8-40fd23513d8a,2011-07-01 0:00:00
43860,626,E57D-4B4B-BF,2,765,1,419.4589,0,d2c25558-cdca-4e28-9be7-64db47aab51a,2011-07-01 0:00:00
43860,627,E57D-4B4B-BF,1,732,1,356.898,0,362c1898-e190-4100-a303-da757b6b1fce,2011-07-01 0:00:00
43860,628,E57D-4B4B-BF,1,762,1,419.4589,0,fd2cc0e8-7420-4b34-ab51-365b537d4f4c,2011-07-01 0:00:00
43860,629,E57D-4B4B-BF,1,738,1,178.5808,0,ccf86807-b675-4db6-8297-b4c6a10ca010,2011-07-01 0:00:00
43860,630,E57D-4B4B-BF,1,768,1,419.4589,0,6cc48a89-28d5-4127-bfda-843b04bb6db4,2011-07-01 0:00:00
43860,631,E57D-4B4B-BF,2,753,1,2146.962,0,177d4630-9f5b-42e3-82ba-bf70cf20e3e4,2011-07-01 0:00:00
43860,632,E57D-4B4B-BF,1,729,1,183.9382,0,1b14d9eb-e03c-42bf-b583-be6b254f9bc3,2011-07-01 0:00:00
43860,633,E57D-4B4B-BF,1,763,1,419.4589,0,e2048741-0ddd-46c7-9b74-5fbd28cb5e58,2011-07-01 0:00:00
43860,634,E57D-4B4B-BF,1,756,1,874.794,0,a82de13d-0f29-499b-b98c-19e696673a44,2011-07-01 0:00:00
43861,635,0CC0-4166-9E,1,732,1,356.898,0,8ecac5ea-6e49-46e7-9517-d5508cbca10d,2011-07-01 0:00:00
43861,636,0CC0-4166-9E,3,764,1,419.4589,0,38c38134-cae1-4aba-be59-963444aa6fd8,2011-07-01 0:00:00
43861,637,0CC0-4166-9E,5,770,1,419.4589,0,7d24cd95-6887-4989-a118-7424afa253e2,2011-07-01 0:00:00
43861,638,0CC0-4166-9E,2,768,1,419.4589,0,9bb61f66-7ede-4664-8288-67f6ec648249,2011-07-01 0:00:00
43861,639,0CC0-4166-9E,1,725,1,183.9382,0,07c05a07-ce39-4d13-9e88-bbb8682bee99,2011-07-01 0:00:00
43861,640,0CC0-4166-9E,9,715,1,28.8404,0,4869fd04-bf35-4f42-8195-86230834e8f7,2011-07-01 0:00:00
43861,641,0CC0-4166-9E,4,765,1,419.4589,0,b632964a-0d22-4f3e-bf9c-55be804aaed8,2011-07-01 0:00:00
43861,642,0CC0-4166-9E,1,753,1,2146.962,0,f2f0cfe8-4362-45e5-b1aa-b64a55c52f8d,2011-07-01 0:00:00
43861,643,0CC0-4166-9E,2,733,1,356.898,0,6221a5ad-d596-45f6-a0dd-bf069c9fd839,2011-07-01 0:00:00
43861,644,0CC0-4166-9E,2,730,1,183.9382,0,ddc331e5-2d37-492d-ab10-904c7dc42af2,2011-07-01 0:00:00
43861,645,0CC0-4166-9E,2,766,1,419.4589,0,e0219626-466a-45a6-a5f7-5343e59ef78c,2011-07-01 0:00:00
43861,646,0CC0-4166-9E,4,711,1,20.1865,0,ad8cdaf0-3e24-4df9-a046-d14cbd1b421e,2011-07-01 0:00:00
43861,647,0CC0-4166-9E,3,754,1,874.794,0,64d953a4-2c1d-48cb-9beb-5e2c946f7177,2011-07-01 0:00:00
43861,648,0CC0-4166-9E,2,756,1,874.794,0,74dc5259-ef1c-4e46-91fa-43e9c250df6f,2011-07-01 0:00:00
43861,649,0CC0-4166-9E,2,729,1,183.9382,0,fc8109df-71d2-4cef-95d5-a30df29c3404,2011-07-01 0:00:00
43861,650,0CC0-4166-9E,4,760,1,419.4589,0,835cb0e0-cf09-4886-9535-71738ded8c2a,2011-07-01 0:00:00
43861,651,0CC0-4166-9E,2,755,1,874.794,0,fb0b18b2-103c-4592-8d0f-d93b02b3e2b1,2011-07-01 0:00:00
43861,652,0CC0-4166-9E,6,716,1,28.8404,0,b1d46fb1-e104-402f-a2ca-67cc071897a2,2011-07-01 0:00:00
43861,653,0CC0-4166-9E,2,763,1,419.4589,0,ce362b93-b770-4d82-904a-e168ecdba0df,2011-07-01 0:00:00
43861,654,0CC0-4166-9E,2,758,1,874.794,0,777d3d99-5927-4a89-9f33-43e062e5d6bd,2011-07-01 0:00:00
43861,655,0CC0-4166-9E,9,712,1,5.1865,0,6f4e3451-74ab-457c-8b93-4c0b418862a8,2011-07-01 0:00:00
43861,656,0CC0-4166-9E,2,761,1,419.4589,0,d97c8751-b1d0-4903-a0a6-95fb7bfc960e,2011-07-01 0:00:00
43861,657,0CC0-4166-9E,4,707,1,20.1865,0,a794b536-5d07-46bc-a1e9-968a111f7276,2011-07-01 0:00:00
43861,658,0CC0-4166-9E,1,738,1,178.5808,0,dc34b94d-d32b-4b10-963c-55ef25eea4d2,2011-07-01 0:00:00
43861,659,0CC0-4166-9E,3,714,1,28.8404,0,a1a9ea80-66d3-4a91-a20f-6d49611f5d85,2011-07-01 0:00:00
43861,660,0CC0-4166-9E,2,722,1,178.5808,0,d29be06c-0427-4d98-9c98-bd68aa91cbe1,2011-07-01 0:00:00
43861,661,0CC0-4166-9E,3,708,1,20.1865,0,185525ea-3b2a-48d3-b7ae-8b361651190b,2011-07-01 0:00:00
43862,662,68A2-4B5C-A7,4,771,1,2039.994,0,5118b2f1-da14-4841-a8a9-132c34ab49ad,2011-07-01 0:00:00
43862,663,68A2-4B5C-A7,1,741,1,818.7,0,d53932a8-a6c3-48d0-ba64-bf705453e736,2011-07-01 0:00:00
43862,664,68A2-4B5C-A7,3,777,1,2024.994,0,b6966abe-4428-43d9-ae78-b3a21d04991e,2011-07-01 0:00:00
43862,665,68A2-4B5C-A7,4,773,1,2039.994,0,c13f5172-f19f-4c76-a8cc-31d3e4b822e1,2011-07-01 0:00:00
43862,666,68A2-4B5C-A7,2,747,1,714.7043,0,bd179629-f36d-4e78-9912-ab87c5da51e9,2011-07-01 0:00:00
43862,667,68A2-4B5C-A7,2,748,1,722.5949,0,da7bc15a-6b07-402b-9895-9b032f41a425,2011-07-01 0:00:00
43862,668,68A2-4B5C-A7,2,774,1,2039.994,0,d24fd04a-d742-405c-8045-3d64bac16176,2011-07-01 0:00:00
43862,669,68A2-4B5C-A7,1,745,1,809.76,0,3a5555dd-ded3-4e67-8213-2ad353abf600,2011-07-01 0:00:00
43862,670,68A2-4B5C-A7,4,709,1,5.7,0,bd4e738a-9623-46f2-932c-470cff5ded4c,2011-07-01 0:00:00
43863,671,D0C0-435D-A2,1,758,1,874.794,0,94d11a8c-d1d8-49de-9104-a00cecb66b46,2011-07-01 0:00:00
43863,672,D0C0-435D-A2,1,712,1,5.1865,0,1d8194cc-a0aa-443e-a7dc-576d4182d24c,2011-07-01 0:00:00
43863,673,D0C0-435D-A2,1,760,1,419.4589,0,8b7cdafd-6223-4d90-a0cf-277d8a11b4e7,2011-07-01 0:00:00
43863,674,D0C0-435D-A2,1,762,1,419.4589,0,8e110817-7ec6-4974-a623-fe6f3861d028,2011-07-01 0:00:00
43864,675,B5D8-4B03-96,5,772,1,2039.994,0,3eeb1e35-c84e-4040-82d7-212479de0cc9,2011-07-01 0:00:00
43864,676,B5D8-4B03-96,1,747,1,714.7043,0,48ce8942-b03f-485d-8c6c-ddcfa3caaaad,2011-07-01 0:00:00
43864,677,B5D8-4B03-96,2,741,1,818.7,0,eb1661bc-d734-4d96-9dcd-e4c37851b16f,2011-07-01 0:00:00
43864,678,B5D8-4B03-96,2,778,1,2024.994,0,503af2b5-1159-461e-b082-ea5dfae2b852,2011-07-01 0:00:00
43864,679,B5D8-4B03-96,4,776,1,2024.994,0,79e2275c-bd3d-424b-9f66-33d29b4620f6,2011-07-01 0:00:00
43864,680,B5D8-4B03-96,1,748,1,722.5949,0,a3cb492f-2d50-4514-b59d-b53af95089bd,2011-07-01 0:00:00
43864,681,B5D8-4B03-96,2,771,1,2039.994,0,d8fd77cb-3cc4-4bd0-b6c0-4d8d2092d5a3,2011-07-01 0:00:00
43864,682,B5D8-4B03-96,4,773,1,2039.994,0,fe280fed-6fdb-4bb0-91cc-a7ce6bb165a9,2011-07-01 0:00:00
43864,683,B5D8-4B03-96,1,745,1,809.76,0,0403e635-30f5-4b4e-9268-a263e4e77d5f,2011-07-01 0:00:00
43865,684,071C-4913-89,1,758,1,874.794,0,e0254748-a28f-456a-aa56-a5458543a962,2011-07-01 0:00:00
43865,685,071C-4913-89,2,770,1,419.4589,0,94769bf9-340e-47bf-9301-dab0dd811ad6,2011-07-01 0:00:00
43865,686,071C-4913-89,1,753,1,2146.962,0,42e568cd-bea8-472b-bf58-e47714cec3df,2011-07-01 0:00:00
43865,687,071C-4913-89,4,760,1,419.4589,0,18a4e619-e556-42b1-9fbe-cbfd59d6892d,2011-07-01 0:00:00
43865,688,071C-4913-89,1,725,1,183.9382,0,7fbda66e-83ee-41a5-81fd-dd1939e71797,2011-07-01 0:00:00
43865,689,071C-4913-89,4,729,1,183.9382,0,30785a48-f9ba-4abf-9f50-ab139589e8b3,2011-07-01 0:00:00
43865,690,071C-4913-89,1,762,1,419.4589,0,2272bca4-4117-4bf3-b360-034ca76b9b0c,2011-07-01 0:00:00
43865,691,071C-4913-89,2,763,1,419.4589,0,0d163fd1-2aa5-4dce-8177-f496bee028ed,2011-07-01 0:00:00
43865,692,071C-4913-89,5,715,1,28.8404,0,585f3131-d5aa-4a65-931c-e3ae96dbc33f,2011-07-01 0:00:00
43865,693,071C-4913-89,1,738,1,178.5808,0,09c9c8f5-8fe9-4221-a7f6-cb427c5d0147,2011-07-01 0:00:00
43865,694,071C-4913-89,3,712,1,5.1865,0,5ddd4634-3094-4006-9e27-664b4b78ea63,2011-07-01 0:00:00
43865,695,071C-4913-89,3,765,1,419.4589,0,56696f4a-68ec-4905-a4ac-9fe8f753b1b4,2011-07-01 0:00:00
43865,696,071C-4913-89,3,761,1,419.4589,0,48e8b3d6-1d09-421a-8cb2-4618bfebd43d,2011-07-01 0:00:00
43865,697,071C-4913-89,3,754,1,874.794,0,b40856d1-dbca-4847-bbf7-35b810602e10,2011-07-01 0:00:00
43866,698,B6E8-4721-85,1,771,1,2039.994,0,405ef680-8519-4fec-af67-2d1ad62b6a40,2011-07-01 0:00:00
43866,699,B6E8-4721-85,1,777,1,2024.994,0,305f127b-e9aa-4c0e-8930-7fe7d8775cf7,2011-07-01 0:00:00
43866,700,B6E8-4721-85,2,709,1,5.7,0,e0060f98-c124-49f7-843d-dd31e5ec2fdb,2011-07-01 0:00:00
43867,701,061F-4449-BE,1,708,1,20.1865,0,d43fafdc-3d6f-4e88-a31b-2fc3642f92e8,2011-07-01 0:00:00
43867,702,061F-4449-BE,1,774,1,2039.994,0,2e3b322a-f086-497b-8f38-2e567591ce11,2011-07-01 0:00:00
43867,703,061F-4449-BE,2,776,1,2024.994,0,9549d477-e940-4280-9775-9068f065f072,2011-07-01 0:00:00
43867,704,061F-4449-BE,2,715,1,28.8404,0,2ba50c75-c06f-4b26-8931-a9d4584a72ad,2011-07-01 0:00:00
43867,705,061F-4449-BE,2,773,1,2039.994,0,3f2f8771-5f09-4f55-86bc-85eedd9898cd,2011-07-01 0:00:00
43867,706,061F-4449-BE,2,709,1,5.7,0,15ecf902-d946-4580-bcd8-a990f52a8239,2011-07-01 0:00:00
43867,707,061F-4449-BE,3,714,1,28.8404,0,a974621a-f45d-4372-a4dc-540afe24309b,2011-07-01 0:00:00
43867,708,061F-4449-BE,4,771,1,2039.994,0,bb5c59c8-d9d3-4c96-b9ad-1e42cbd24886,2011-07-01 0:00:00
43867,709,061F-4449-BE,2,711,1,20.1865,0,bac61ac5-8463-4bd8-a723-6f785c63e9d2,2011-07-01 0:00:00
43867,710,061F-4449-BE,1,707,1,20.1865,0,6d022e59-297b-49df-a3a3-444078c3cada,2011-07-01 0:00:00
43867,711,061F-4449-BE,2,778,1,2024.994,0,ee7a195a-cf31-47e3-b40c-b8ff6e581f6c,2011-07-01 0:00:00
43867,712,061F-4449-BE,4,712,1,5.1865,0,ccb3f9d9-ef2a-4bba-a037-60ac3c256501,2011-07-01 0:00:00
43867,713,061F-4449-BE,2,743,1,714.7043,0,a1976472-71b0-499e-b14e-d994f65ce126,2011-07-01 0:00:00
43867,714,061F-4449-BE,1,748,1,722.5949,0,eb6e9914-d5c5-412f-8649-0bee8c9cb36a,2011-07-01 0:00:00
43867,715,061F-4449-BE,3,742,1,722.5949,0,79ed447c-52b6-45e4-af36-c6cc3a71315b,2011-07-01 0:00:00
43867,716,061F-4449-BE,2,741,1,818.7,0,3183e1c7-36d9-499c-a7c5-4f3fc3b015d1,2011-07-01 0:00:00
43867,717,061F-4449-BE,2,777,1,2024.994,0,c18b8608-6245-42c7-a044-8c40dfcfec1e,2011-07-01 0:00:00
43867,718,061F-4449-BE,1,716,1,28.8404,0,9d306251-aa48-4feb-bf4d-ec584249bd69,2011-07-01 0:00:00
43868,719,5E0C-45B4-9D,1,749,1,2146.962,0,b4216317-7422-4e6f-9cf0-8d688ac2c9cc,2011-07-01 0:00:00
43869,720,96FA-4DF1-81,1,747,1,714.7043,0,cb4d6478-1556-453d-b352-ffa69f974b78,2011-07-01 0:00:00
43869,721,96FA-4DF1-81,5,775,1,2024.994,0,4f909248-84ab-4a68-8b78-8857b41c410b,2011-07-01 0:00:00
43869,722,96FA-4DF1-81,2,777,1,2024.994,0,1107bcc6-56d7-46f6-8a96-8c518d6069b7,2011-07-01 0:00:00
43869,723,96FA-4DF1-81,2,745,1,809.76,0,8d663eaa-ae44-4f5b-be78-205b4af8a574,2011-07-01 0:00:00
43869,724,96FA-4DF1-81,5,771,1,2039.994,0,746400c9-16ef-42ec-b77f-3f8824db5887,2011-07-01 0:00:00
43869,725,96FA-4DF1-81,4,772,1,2039.994,0,1d507da1-1377-4118-bcda-47074d9711dd,2011-07-01 0:00:00
43869,726,96FA-4DF1-81,1,743,1,714.7043,0,165acb41-594f-4c5e-a91d-4bd7bf550e5e,2011-07-01 0:00:00
43869,727,96FA-4DF1-81,1,774,1,2039.994,0,4de3f9e9-5450-432e-83da-f50a98313c61,2011-07-01 0:00:00
43869,728,96FA-4DF1-81,5,778,1,2024.994,0,3e790bb7-1fa7-47ca-add3-f5a1d2a72f3f,2011-07-01 0:00:00
43869,729,96FA-4DF1-81,2,742,1,722.5949,0,1f61b66a-dac3-42f4-b3ab-6914ace0b9f3,2011-07-01 0:00:00
43870,730,1722-46CA-96,3,760,1,419.4589,0,242e16ec-c772-4ae5-bc77-2b01c90c436a,2011-07-01 0:00:00
43870,731,1722-46CA-96,2,762,1,419.4589,0,a637b4a9-13a4-4ab7-a132-f6a94ffae4bc,2011-07-01 0:00:00
43870,732,1722-46CA-96,3,715,1,28.8404,0,eb5311ba-fb8c-424b-8f04-f0d1aadf5b51,2011-07-01 0:00:00
43870,733,1722-46CA-96,3,770,1,419.4589,0,34fb2977-9ca0-467b-ab3f-d95962c1cea9,2011-07-01 0:00:00
43870,734,1722-46CA-96,1,758,1,874.794,0,0d246c86-f0cc-4c9e-b086-8fd904a85a97,2011-07-01 0:00:00
43871,735,01F1-4AD5-A5,1,712,1,5.1865,0,ccbfef26-ac3f-4ee0-8113-d1dbbbf385c5,2011-07-01 0:00:00
43871,736,01F1-4AD5-A5,1,761,1,419.4589,0,9e0c85d6-3160-446b-988c-922442530e52,2011-07-01 0:00:00
43871,737,01F1-4AD5-A5,2,729,1,183.9382,0,55b5eac9-5981-4c46-b950-c9ee0540a3aa,2011-07-01 0:00:00
43871,738,01F1-4AD5-A5,2,707,1,20.1865,0,76a897fa-6be2-4ba8-bf24-9eba910fee38,2011-07-01 0:00:00
43871,739,01F1-4AD5-A5,1,758,1,874.794,0,a73711e1-c582-4675-94d5-181f237c573c,2011-07-01 0:00:00
43871,740,01F1-4AD5-A5,1,725,1,183.9382,0,a7c02c07-db4c-46d7-8927-493d1acd903d,2011-07-01 0:00:00
43871,741,01F1-4AD5-A5,1,762,1,419.4589,0,f3999c15-04e0-46ed-bf13-bb205698505d,2011-07-01 0:00:00
43871,742,01F1-4AD5-A5,2,715,1,28.8404,0,9437caa8-bc2b-407f-b386-b4a28c4ffd22,2011-07-01 0:00:00
43871,743,01F1-4AD5-A5,3,754,1,874.794,0,3a7a7418-9ee6-4f00-b1e3-774326b9057b,2011-07-01 0:00:00
43871,744,01F1-4AD5-A5,1,753,1,2146.962,0,85d5206d-3673-4ad7-9b52-8b6e41d0e216,2011-07-01 0:00:00
43871,745,01F1-4AD5-A5,4,708,1,20.1865,0,7b5e55aa-2a0a-411c-be67-6b38db6c0f45,2011-07-01 0:00:00
43871,746,01F1-4AD5-A5,2,760,1,419.4589,0,e9832041-8aeb-44c1-b6ce-6078b5858f9c,2011-07-01 0:00:00
43871,747,01F1-4AD5-A5,3,770,1,419.4589,0,a01f6861-8525-42c8-9084-8fd4fe330eda,2011-07-01 0:00:00
43871,748,01F1-4AD5-A5,4,711,1,20.1865,0,44adac7b-1460-4a1a-a94b-7540e2ffa2f0,2011-07-01 0:00:00
43872,749,52FF-45CD-9B,1,763,1,419.4589,0,e19e3afc-f172-4c3e-8382-48a04fc3cbd3,2011-07-01 0:00:00
43872,750,52FF-45CD-9B,1,708,1,20.1865,0,7807b4f7-733f-41b8-9a22-5432dec425e7,2011-07-01 0:00:00
43872,751,52FF-45CD-9B,3,758,1,874.794,0,215164b8-7d93-497b-a748-fa62cc92b76e,2011-07-01 0:00:00
43872,752,52FF-45CD-9B,2,756,1,874.794,0,6f80c7f8-5d18-44ab-8b18-d8426b561c1e,2011-07-01 0:00:00
43872,753,52FF-45CD-9B,1,765,1,419.4589,0,677d3b69-afd8-47eb-8c70-c3c566382d96,2011-07-01 0:00:00
43872,754,52FF-45CD-9B,2,711,1,20.1865,0,765bc32b-9218-4cb2-975c-69b13d1a3760,2011-07-01 0:00:00
43872,755,52FF-45CD-9B,4,707,1,20.1865,0,f68c8b60-34a1-4a52-b8e4-f35acf60bc8a,2011-07-01 0:00:00
43872,756,52FF-45CD-9B,2,725,1,183.9382,0,715d6a51-ec0d-4037-987e-1cf8a3105e07,2011-07-01 0:00:00
43872,757,52FF-45CD-9B,1,732,1,356.898,0,3ec3b30e-ad12-41df-baad-60bb38000627,2011-07-01 0:00:00
43872,758,52FF-45CD-9B,1,738,1,178.5808,0,05524872-301c-45a0-b2f5-4213b6a40a3c,2011-07-01 0:00:00
43872,759,52FF-45CD-9B,1,753,1,2146.962,0,67f79705-594d-41af-aeae-43aa191092f7,2011-07-01 0:00:00
43872,760,52FF-45CD-9B,2,754,1,874.794,0,654b1987-0100-4d87-b5be-5bf18f7b28bf,2011-07-01 0:00:00
43872,761,52FF-45CD-9B,1,755,1,874.794,0,b012fd3b-5345-412f-9ead-e223c2db63c8,2011-07-01 0:00:00
43872,762,52FF-45CD-9B,4,716,1,28.8404,0,fd4eb8fc-ca4e-49b0-a2d8-f34cb30ed2eb,2011-07-01 0:00:00
43872,763,52FF-45CD-9B,1,760,1,419.4589,0,cec71c06-56a0-4dec-a57c-4d9cd9728db5,2011-07-01 0:00:00
43872,764,52FF-45CD-9B,4,712,1,5.1865,0,175ab5be-7bc0-410b-9edc-cfbd761bbbbc,2011-07-01 0:00:00
43873,765,494C-48D2-BD,6,770,1,419.4589,0,13705979-0b64-41cb-a9d6-e6cb2c3327db,2011-07-01 0:00:00
43873,766,494C-48D2-BD,2,764,1,419.4589,0,2bcbae4b-16ec-4ad4-89bd-169295898463,2011-07-01 0:00:00
43873,767,494C-48D2-BD,2,749,1,2146.962,0,8cdd37d2-e2c7-4426-b247-d375e267fc33,2011-07-01 0:00:00
43873,768,494C-48D2-BD,5,726,1,183.9382,0,ad2f863b-4048-4dba-9e96-bcc9aba5a4fe,2011-07-01 0:00:00
43873,769,494C-48D2-BD,5,729,1,183.9382,0,70dbdf9b-14cf-4255-a94c-d61e3c3a7c00,2011-07-01 0:00:00
43873,770,494C-48D2-BD,1,755,1,874.794,0,6b7c904d-ff6c-4325-ba90-146c64e20829,2011-07-01 0:00:00
43873,771,494C-48D2-BD,1,738,1,178.5808,0,1e8015c8-c0cc-490a-becb-30c933362199,2011-07-01 0:00:00
43873,772,494C-48D2-BD,3,766,1,419.4589,0,b19de805-c52f-42db-883a-13b465524684,2011-07-01 0:00:00
43873,773,494C-48D2-BD,3,722,1,178.5808,0,bf50b9e3-1337-4905-a70f-f7317844b794,2011-07-01 0:00:00
43873,774,494C-48D2-BD,5,758,1,874.794,0,d60c73ed-1fe4-4fd7-a68b-a29403c1501f,2011-07-01 0:00:00
43873,775,494C-48D2-BD,5,760,1,419.4589,0,f8ea88df-ce5e-46f0-8f82-4f20d191d0bb,2011-07-01 0:00:00
43873,776,494C-48D2-BD,3,733,1,356.898,0,e77342cf-f260-4a12-bfba-f75866c54aba,2011-07-01 0:00:00
43873,777,494C-48D2-BD,2,768,1,419.4589,0,dfc545de-cde4-4250-9a60-9cfb0b01db69,2011-07-01 0:00:00
43873,778,494C-48D2-BD,1,756,1,874.794,0,c8440a55-1fde-464e-b88f-30d431e944b3,2011-07-01 0:00:00
43873,779,494C-48D2-BD,5,707,1,20.1865,0,75353f1b-16e5-4373-bdb0-1384707af8f3,2011-07-01 0:00:00
43873,780,494C-48D2-BD,1,765,1,419.4589,0,9fe88865-3c66-4635-b444-fcd0785c12c0,2011-07-01 0:00:00
43873,781,494C-48D2-BD,2,711,1,20.1865,0,f9842d95-7843-47ed-a648-d5e4d08c9501,2011-07-01 0:00:00
43873,782,494C-48D2-BD,6,754,1,874.794,0,aad572e4-c443-4550-807f-973ba227a21d,2011-07-01 0:00:00
43873,783,494C-48D2-BD,3,730,1,183.9382,0,27618f9d-e9cc-4648-a0ce-bd59befa0175,2011-07-01 0:00:00
43873,784,494C-48D2-BD,6,761,1,419.4589,0,b0cc42f6-4b00-477e-a597-daab45417fcd,2011-07-01 0:00:00
43873,785,494C-48D2-BD,5,763,1,419.4589,0,e6bd1fc8-d2b7-4aae-93c6-0406e36ba805,2011-07-01 0:00:00
43873,786,494C-48D2-BD,1,716,1,28.8404,0,edce57c2-a006-4fbc-9915-ddcb84b557c7,2011-07-01 0:00:00
43873,787,494C-48D2-BD,5,715,1,28.8404,0,42be3234-d31c-4e5a-90a8-f01d76394712,2011-07-01 0:00:00
43873,788,494C-48D2-BD,1,714,1,28.8404,0,97f6db91-c669-44b5-bf9c-9f4fa7beb610,2011-07-01 0:00:00
43873,789,494C-48D2-BD,4,762,1,419.4589,0,abb35931-f802-43d1-86d4-8dc94f774431,2011-07-01 0:00:00
43873,790,494C-48D2-BD,2,725,1,183.9382,0,c616acd8-a8d6-410c-b2ba-073479ab9368,2011-07-01 0:00:00
43873,791,494C-48D2-BD,2,753,1,2146.962,0,f82cb5d0-db7e-4e4b-b997-727c17d03c97,2011-07-01 0:00:00
43873,792,494C-48D2-BD,6,732,1,356.898,0,de3a2b8d-b881-4268-84aa-27e7fecce353,2011-07-01 0:00:00
43874,793,190B-4F56-9E,1,763,1,419.4589,0,64d961f2-3dd3-4cc9-a45b-ada71c1be447,2011-07-01 0:00:00
43875,794,CE1F-4E31-89,6,778,1,2024.994,0,e9e6b048-930a-43c0-826d-347a1f29c7cc,2011-07-01 0:00:00
43875,795,CE1F-4E31-89,2,747,1,714.7043,0,01f75c54-1025-4bfe-b30e-87c228590eeb,2011-07-01 0:00:00
43875,796,CE1F-4E31-89,1,741,1,818.7,0,0c54ae43-039a-4347-b89c-e5eead2877c1,2011-07-01 0:00:00
43875,797,CE1F-4E31-89,2,709,1,5.7,0,a3cb1867-5b04-4926-96c5-44d60d1945ea,2011-07-01 0:00:00
43875,798,CE1F-4E31-89,2,715,1,28.8404,0,5637b8f8-a5af-4622-8520-bf8f5a0705f5,2011-07-01 0:00:00
43875,799,CE1F-4E31-89,7,774,1,2039.994,0,034381a8-8597-41a8-8a33-fe5dc06c6794,2011-07-01 0:00:00
43875,800,CE1F-4E31-89,6,771,1,2039.994,0,7c05b8fa-8c4e-433d-a931-12217ceec534,2011-07-01 0:00:00
43875,801,CE1F-4E31-89,2,707,1,20.1865,0,33a88796-ae11-453f-bc7b-926933e294d7,2011-07-01 0:00:00
43875,802,CE1F-4E31-89,5,748,1,722.5949,0,579799e7-845e-40b8-85b3-062da96537ad,2011-07-01 0:00:00
43875,803,CE1F-4E31-89,12,773,2,1971.9942,0.02,b8a964d9-3be7-4d6e-a329-5553e9b5b241,2011-07-01 0:00:00
43875,804,CE1F-4E31-89,1,745,1,809.76,0,4f998b36-7612-4539-8d82-34170ecd0e28,2011-07-01 0:00:00
43875,805,CE1F-4E31-89,13,775,2,1957.4942,0.02,367f8625-38f7-4480-b3c8-68ae608ac8c2,2011-07-01 0:00:00
43875,806,CE1F-4E31-89,2,772,1,2039.994,0,635dcd4d-e18d-450f-a443-87805c5ab237,2011-07-01 0:00:00
43875,807,CE1F-4E31-89,8,776,1,2024.994,0,b1d4c540-8513-42c0-b8e5-dcfa0f812096,2011-07-01 0:00:00
43875,808,CE1F-4E31-89,2,743,1,714.7043,0,91f3a9db-5b0d-4acc-9792-be8d7dc298f9,2011-07-01 0:00:00
43875,809,CE1F-4E31-89,2,712,1,5.1865,0,95489643-97d0-47b4-9464-11166be30025,2011-07-01 0:00:00
43875,810,CE1F-4E31-89,2,777,1,2024.994,0,08db0ee4-401b-4d53-8fd6-d93945ba6a6f,2011-07-01 0:00:00
43875,811,CE1F-4E31-89,3,716,1,28.8404,0,23398d96-2c79-4794-8aaf-58f6e78d479f,2011-07-01 0:00:00
43875,812,CE1F-4E31-89,5,708,1,20.1865,0,1f87532b-b421-409f-8dc2-911bc68a5597,2011-07-01 0:00:00
43875,813,CE1F-4E31-89,3,742,1,722.5949,0,14cb3b75-2cda-46b8-a83d-3847d9296509,2011-07-01 0:00:00
43875,814,CE1F-4E31-89,2,714,1,28.8404,0,8a960b09-2bc1-4809-89ad-91b52613b45b,2011-07-01 0:00:00
43876,815,1E6F-4150-A3,2,762,1,419.4589,0,c2678621-d982-4eb5-ad77-b354f6e844dc,2011-07-01 0:00:00
43876,816,1E6F-4150-A3,1,758,1,874.794,0,738f1045-5fb9-48c2-91f0-7f06ff6b19c3,2011-07-01 0:00:00
43876,817,1E6F-4150-A3,3,763,1,419.4589,0,90e1d6ba-3051-4488-a6a7-e4133c6c56b4,2011-07-01 0:00:00
43876,818,1E6F-4150-A3,2,754,1,874.794,0,6d9670ec-dab4-4dd7-a6e3-1f05ae31f673,2011-07-01 0:00:00
43876,819,1E6F-4150-A3,2,725,1,183.9382,0,80a05976-7dfe-44ad-a4b9-01421e821fd6,2011-07-01 0:00:00
43876,820,1E6F-4150-A3,2,761,1,419.4589,0,2d457f2b-ffea-4640-bb0e-cbc0185810e4,2011-07-01 0:00:00
43876,821,1E6F-4150-A3,2,770,1,419.4589,0,1809b0f2-ec94-4495-8865-5ba8a2c46739,2011-07-01 0:00:00
43876,822,1E6F-4150-A3,2,729,1,183.9382,0,bdf4be4f-7f12-415a-98f9-81c2689dd7e9,2011-07-01 0:00:00
43877,823,4ECF-42F2-A7,4,715,1,28.8404,0,bc3bd156-fa37-45f2-89c7-fc58a12d2032,2011-07-01 0:00:00
43877,824,4ECF-42F2-A7,2,708,1,20.1865,0,c68bf92c-2483-4b92-a68b-52e5828e8d7f,2011-07-01 0:00:00
43877,825,4ECF-42F2-A7,5,709,1,5.7,0,3d6c30b2-e174-41e7-856f-7764a598f6f1,2011-07-01 0:00:00
43877,826,4ECF-42F2-A7,3,771,1,2039.994,0,5ed01df6-c799-40fb-a09b-5b814cd2b64e,2011-07-01 0:00:00
43877,827,4ECF-42F2-A7,2,775,1,2024.994,0,bf6ce36c-e51c-45ad-a36b-cb2b0d80bceb,2011-07-01 0:00:00
43877,828,4ECF-42F2-A7,4,774,1,2039.994,0,eb5b5da8-54e4-47d5-887e-06b1b4f30389,2011-07-01 0:00:00
43877,829,4ECF-42F2-A7,1,778,1,2024.994,0,41ce7765-8fab-4ae6-817e-077613f8242f,2011-07-01 0:00:00
43877,830,4ECF-42F2-A7,1,716,1,28.8404,0,d7df6265-9bd4-476e-86c1-516ba07acd2c,2011-07-01 0:00:00
43877,831,4ECF-42F2-A7,1,711,1,20.1865,0,40112611-af3b-4430-80b8-c3d663bd260d,2011-07-01 0:00:00
43877,832,4ECF-42F2-A7,2,707,1,20.1865,0,35e74084-6a34-4c28-8b37-edb93bf17d82,2011-07-01 0:00:00
43878,833,FC28-4F00-A9,1,772,1,2039.994,0,babebdd6-2f40-4ca5-aca1-fb250c7712e6,2011-07-01 0:00:00
43878,834,FC28-4F00-A9,1,771,1,2039.994,0,e8656aee-5023-47bd-b39e-48f31060c7ba,2011-07-01 0:00:00
43879,835,EDC5-4BD5-8F,3,762,1,419.4589,0,37d107c9-b1e5-4673-ae6e-a01298665f97,2011-07-01 0:00:00
43879,836,EDC5-4BD5-8F,2,763,1,419.4589,0,76a572e7-d9f2-470d-ada6-ed5bedd13028,2011-07-01 0:00:00
43879,837,EDC5-4BD5-8F,3,760,1,419.4589,0,4b4e4409-2565-4cb3-a4e0-a2873bca7299,2011-07-01 0:00:00
43879,838,EDC5-4BD5-8F,2,764,1,419.4589,0,b9c95d49-37c9-4e43-818b-ff6141487cbe,2011-07-01 0:00:00
43879,839,EDC5-4BD5-8F,2,715,1,28.8404,0,a8af0b34-e0e1-479c-8972-ff6541d0c364,2011-07-01 0:00:00
43879,840,EDC5-4BD5-8F,4,725,1,183.9382,0,004e27af-072e-4b4e-acf5-61c8350fceea,2011-07-01 0:00:00
43879,841,EDC5-4BD5-8F,4,714,1,28.8404,0,bef9e5cd-cfe9-4f71-ad86-d41b5247f879,2011-07-01 0:00:00
43879,842,EDC5-4BD5-8F,4,770,1,419.4589,0,1326b8b1-4044-4d98-9246-ff90c5246ab1,2011-07-01 0:00:00
43879,843,EDC5-4BD5-8F,3,730,1,183.9382,0,1e9dc3f2-7437-405a-b161-c0b1ea24a36d,2011-07-01 0:00:00
43879,844,EDC5-4BD5-8F,2,754,1,874.794,0,96cf3fe7-2a2f-4dd4-8bb2-eba00b27cb55,2011-07-01 0:00:00
43879,845,EDC5-4BD5-8F,2,726,1,183.9382,0,2951ac85-0c57-4eec-9cd1-8bcfe288e119,2011-07-01 0:00:00
43879,846,EDC5-4BD5-8F,1,716,1,28.8404,0,e251ecfd-96f1-4e8c-b89e-b59ad6c27f13,2011-07-01 0:00:00
43879,847,EDC5-4BD5-8F,2,766,1,419.4589,0,51539289-5e13-4b05-bdf1-5ffc2b523a72,2011-07-01 0:00:00
43879,848,EDC5-4BD5-8F,3,765,1,419.4589,0,6c7219e8-6b29-4206-8291-cbae4c05ee21,2011-07-01 0:00:00
43879,849,EDC5-4BD5-8F,3,729,1,183.9382,0,5f74a421-1a41-4963-bf21-dd161a18d8ce,2011-07-01 0:00:00
43879,850,EDC5-4BD5-8F,1,768,1,419.4589,0,e8d16315-3f32-4b24-9049-18b4e2c8d206,2011-07-01 0:00:00
43879,851,EDC5-4BD5-8F,5,708,1,20.1865,0,af61061b-be43-4cdf-8687-001a06c9d764,2011-07-01 0:00:00
43879,852,EDC5-4BD5-8F,3,758,1,874.794,0,6efee584-2508-415a-96bd-14a7db88bcf9,2011-07-01 0:00:00
43879,853,EDC5-4BD5-8F,1,756,1,874.794,0,302fc55a-84a5-4f4a-9e4a-762800b6c0c5,2011-07-01 0:00:00
43879,854,EDC5-4BD5-8F,3,738,1,178.5808,0,85f907a8-f3e9-4161-92f4-3de3a30a8a32,2011-07-01 0:00:00
43879,855,EDC5-4BD5-8F,2,755,1,874.794,0,03a21af9-cecf-4a81-872b-421eb844883b,2011-07-01 0:00:00
43879,856,EDC5-4BD5-8F,4,707,1,20.1865,0,21662f3d-5132-4b42-bb42-10b316f40298,2011-07-01 0:00:00
43879,857,EDC5-4BD5-8F,5,711,1,20.1865,0,a060d02c-4450-4521-857d-0f6114225e18,2011-07-01 0:00:00
43879,858,EDC5-4BD5-8F,5,722,1,178.5808,0,36a62a82-3ab7-4db0-9a56-c6ef64283acb,2011-07-01 0:00:00
43879,859,EDC5-4BD5-8F,1,753,1,2146.962,0,2d62ef29-582b-404e-bf49-eddd1ce208f4,2011-07-01 0:00:00
43879,860,EDC5-4BD5-8F,13,712,2,5.0136,0.02,49c04411-078c-452c-9636-9b57f279baa9,2011-07-01 0:00:00
43880,861,3269-4442-87,3,760,1,419.4589,0,8b0aceca-bd5f-43ed-bb74-1b3bd3cb1f41,2011-07-01 0:00:00
43880,862,3269-4442-87,2,755,1,874.794,0,abfc97a8-559b-44d3-9d12-e77d89e1b771,2011-07-01 0:00:00
43880,863,3269-4442-87,3,762,1,419.4589,0,6fca9b3c-1489-41b0-8394-6b10bc8213f9,2011-07-01 0:00:00
43880,864,3269-4442-87,3,770,1,419.4589,0,5dfa6862-098d-4330-b869-3a4a6438e05b,2011-07-01 0:00:00
43880,865,3269-4442-87,1,766,1,419.4589,0,3de510de-69f6-40f3-ab9b-e5cd2a26b68d,2011-07-01 0:00:00
43880,866,3269-4442-87,1,738,1,178.5808,0,709a258b-339e-4d04-b832-4a74d1c654cc,2011-07-01 0:00:00
43880,867,3269-4442-87,1,732,1,356.898,0,f4499d70-cb82-44a4-b346-5e79bfec16bd,2011-07-01 0:00:00
43880,868,3269-4442-87,2,753,1,2146.962,0,260cb5c3-29c1-408b-aebd-ec33b90a25d1,2011-07-01 0:00:00
43880,869,3269-4442-87,2,756,1,874.794,0,bcb4a807-0f84-4b16-b688-8d621263a6e9,2011-07-01 0:00:00
43880,870,3269-4442-87,2,725,1,183.9382,0,1008eaa3-fe72-4e70-916b-2fb7752ab863,2011-07-01 0:00:00
43880,871,3269-4442-87,2,758,1,874.794,0,1f2151b9-42a7-4cc9-b062-05c98076d100,2011-07-01 0:00:00
43880,872,3269-4442-87,1,764,1,419.4589,0,1a976be6-f32d-40c9-9bc5-b79c0eec33c6,2011-07-01 0:00:00
43880,873,3269-4442-87,1,768,1,419.4589,0,d248b19c-c2a7-41a3-862f-92ee23ac80fc,2011-07-01 0:00:00
43881,874,89D3-483D-8F,2,776,1,2024.994,0,6d2460de-d4a8-40a3-94e6-a60c1b8806da,2011-07-01 0:00:00
43881,875,89D3-483D-8F,2,778,1,2024.994,0,132331a0-3279-4af4-b786-38e5535386c1,2011-07-01 0:00:00
43881,876,89D3-483D-8F,5,772,1,2039.994,0,903bc1ea-fc6e-4a23-b4a8-5d4611f5e432,2011-07-01 0:00:00
43881,877,89D3-483D-8F,3,774,1,2039.994,0,8564b6ad-01b1-4067-9809-dbab3b6e7907,2011-07-01 0:00:00
43881,878,89D3-483D-8F,3,777,1,2024.994,0,73f48181-1468-48d7-b7b0-37376a3a2bbb,2011-07-01 0:00:00
43881,879,89D3-483D-8F,2,714,1,28.8404,0,d9c7d2bb-6474-4df0-83d9-47756cf92a14,2011-07-01 0:00:00
43881,880,89D3-483D-8F,4,773,1,2039.994,0,45ccd34e-0a7c-4214-88c8-5a98a4399650,2011-07-01 0:00:00
43881,881,89D3-483D-8F,21,709,3,5.225,0.05,71b62546-e7d8-4e56-b7b1-d42e0e2622f0,2011-07-01 0:00:00
43882,882,8137-47B8-9B,1,778,1,2024.994,0,fae505ea-2851-4c4d-9535-701983132b02,2011-07-01 0:00:00
43883,883,E43E-40BF-9B,2,726,1,183.9382,0,d7b2eefb-bbf5-4095-8202-10f427545728,2011-07-01 0:00:00
43883,884,E43E-40BF-9B,1,732,1,356.898,0,e848b3dc-b668-4767-aba4-9f32d2ebd5a6,2011-07-01 0:00:00
43883,885,E43E-40BF-9B,2,763,1,419.4589,0,91ed9c14-cf90-4d8b-a041-ffd367ee6e6e,2011-07-01 0:00:00
43883,886,E43E-40BF-9B,1,768,1,419.4589,0,27be07be-a1ef-498f-959c-595fd15f6a43,2011-07-01 0:00:00
43883,887,E43E-40BF-9B,2,770,1,419.4589,0,a0932acd-7a3d-4a7e-83d6-c866ae29b996,2011-07-01 0:00:00
43883,888,E43E-40BF-9B,2,712,1,5.1865,0,2bb36e79-c877-4f36-834c-fa5ac1c22108,2011-07-01 0:00:00
43883,889,E43E-40BF-9B,2,760,1,419.4589,0,10d9faa3-f072-4d07-8435-4c632bb12c25,2011-07-01 0:00:00
43883,890,E43E-40BF-9B,1,722,1,178.5808,0,c3b8f0c2-a762-45e7-91c5-7660cdda2f68,2011-07-01 0:00:00
43883,891,E43E-40BF-9B,1,725,1,183.9382,0,3ef1e55a-23a3-4688-8ff2-0b200267efaf,2011-07-01 0:00:00
43883,892,E43E-40BF-9B,3,738,1,178.5808,0,f288d0de-d596-49fb-9779-823264d34eb2,2011-07-01 0:00:00
43883,893,E43E-40BF-9B,1,749,1,2146.962,0,48874989-3516-4ff8-9658-b8248f527cd4,2011-07-01 0:00:00
43883,894,E43E-40BF-9B,3,762,1,419.4589,0,c33a2360-58d6-431c-96d7-4e02fcdbd14b,2011-07-01 0:00:00
43883,895,E43E-40BF-9B,3,758,1,874.794,0,85041fea-b2ef-44c5-9927-e73c49769e3e,2011-07-01 0:00:00
43883,896,E43E-40BF-9B,2,754,1,874.794,0,32d9b4ca-ca58-45fb-9dcd-289d4cca2b4c,2011-07-01 0:00:00
43883,897,E43E-40BF-9B,2,761,1,419.4589,0,d1ff2c2e-e016-4f99-96db-3041eaf4bc11,2011-07-01 0:00:00
43883,898,E43E-40BF-9B,2,753,1,2146.962,0,f98231b4-114f-4d37-996c-4c69c7e6b7d4,2011-07-01 0:00:00
43883,899,E43E-40BF-9B,2,765,1,419.4589,0,91a25362-4836-4c88-be2a-1625f020534f,2011-07-01 0:00:00
43884,900,728A-44AB-A8,3,747,1,714.7043,0,ad584ce1-1f7d-4c66-b057-b5aa413d7d6d,2011-07-01 0:00:00
43884,901,728A-44AB-A8,4,708,1,20.1865,0,5c4472e5-49ec-49e9-946f-a84f9bb921f5,2011-07-01 0:00:00
43884,902,728A-44AB-A8,3,745,1,809.76,0,8d7e853f-784c-4d4b-b983-5265caebb9eb,2011-07-01 0:00:00
43884,903,728A-44AB-A8,10,715,1,28.8404,0,131b6db0-3553-451e-bd82-bb1f4394be4a,2011-07-01 0:00:00
43884,904,728A-44AB-A8,10,777,1,2024.994,0,d6d6f69e-7122-47fe-bd25-e3e53da75032,2011-07-01 0:00:00
43884,905,728A-44AB-A8,5,776,1,2024.994,0,3be7eb62-a5ac-4384-9c6a-d70e6674337f,2011-07-01 0:00:00
43884,906,728A-44AB-A8,5,773,1,2039.994,0,1ca3efbe-b555-46da-a7d2-7a69b8c72417,2011-07-01 0:00:00
43884,907,728A-44AB-A8,3,741,1,818.7,0,b305a21f-192a-4154-bf01-49b4783497e5,2011-07-01 0:00:00
43884,908,728A-44AB-A8,5,711,1,20.1865,0,314abc36-ac9f-488d-b18c-b89ba6462be1,2011-07-01 0:00:00
43884,909,728A-44AB-A8,4,778,1,2024.994,0,4e6dec25-bf0b-4aab-b944-4ed95a5f0130,2011-07-01 0:00:00
43884,910,728A-44AB-A8,6,716,1,28.8404,0,e57e5b67-ff6c-47b6-bef5-ade5b8455a05,2011-07-01 0:00:00
43884,911,728A-44AB-A8,1,748,1,722.5949,0,89291035-cf7e-45ca-b116-946ca3d95f8b,2011-07-01 0:00:00
43884,912,728A-44AB-A8,8,771,1,2039.994,0,57bb9bad-dcaa-4c34-bd9c-21e87b9cf3b2,2011-07-01 0:00:00
43884,913,728A-44AB-A8,8,712,1,5.1865,0,93519861-2d70-4a5a-8763-ead42f7fe2e5,2011-07-01 0:00:00
43884,914,728A-44AB-A8,2,775,1,2024.994,0,7a5b8da7-6e50-4c3e-8802-c591de4484d9,2011-07-01 0:00:00
43884,915,728A-44AB-A8,3,743,1,714.7043,0,6fda678a-c9c2-49fd-ad89-7f1ad66dcbb6,2011-07-01 0:00:00
43884,916,728A-44AB-A8,14,772,2,1971.9942,0.02,24fe52ff-e828-4a45-acc5-8cc77bfb9664,2011-07-01 0:00:00
43884,917,728A-44AB-A8,4,707,1,20.1865,0,a5b16e60-3371-426a-b624-5db19723786f,2011-07-01 0:00:00
43884,918,728A-44AB-A8,4,774,1,2039.994,0,3be31a38-a3ed-4b01-8024-846f4cec9e62,2011-07-01 0:00:00
43884,919,728A-44AB-A8,4,709,1,5.7,0,aa5028c1-cb78-4bdc-9172-617a30c58db2,2011-07-01 0:00:00
43884,920,728A-44AB-A8,1,742,1,722.5949,0,4050bf26-9f22-4641-91f6-82a61ee7b881,2011-07-01 0:00:00
43884,921,728A-44AB-A8,1,714,1,28.8404,0,f16243ee-edbd-429d-a099-03533a166048,2011-07-01 0:00:00
43885,922,190F-4A02-89,4,710,1,5.7,0,36fe9f79-0068-4f69-8400-718dff268217,2011-07-01 0:00:00
43885,923,190F-4A02-89,8,709,1,5.7,0,e720d898-fb33-486f-b05c-d68e844a76ab,2011-07-01 0:00:00
43886,924,CE58-49B5-82,2,754,1,874.794,0,7f7361c0-722b-4ef3-8568-9f9fafc411d4,2011-07-01 0:00:00
43886,925,CE58-49B5-82,1,763,1,419.4589,0,5ea2fac1-c5d1-40c7-8b71-970a2103006b,2011-07-01 0:00:00
43886,926,CE58-49B5-82,2,726,1,183.9382,0,37b0d5b2-ccd7-4ad7-ad38-430d173cec7c,2011-07-01 0:00:00
43886,927,CE58-49B5-82,1,768,1,419.4589,0,333fcf52-aabf-48a7-81f9-3a8be4247f95,2011-07-01 0:00:00
43886,928,CE58-49B5-82,2,756,1,874.794,0,014fb247-77a6-4699-be8e-471001262a9d,2011-07-01 0:00:00
43886,929,CE58-49B5-82,3,711,1,20.1865,0,3c9ca4aa-0dd3-45ac-b915-1437e57b29ba,2011-07-01 0:00:00
43886,930,CE58-49B5-82,6,712,1,5.1865,0,4f5f9ccf-ad17-48e7-9cc4-6b9d1dba8a9d,2011-07-01 0:00:00
43886,931,CE58-49B5-82,1,708,1,20.1865,0,e9140cab-977d-4290-9e6d-f0cde9b8c84d,2011-07-01 0:00:00
43886,932,CE58-49B5-82,2,758,1,874.794,0,1611ac48-23f3-45ac-bf20-6361ee2ac8f7,2011-07-01 0:00:00
43886,933,CE58-49B5-82,2,770,1,419.4589,0,7392704e-65fe-493b-86fa-29f39a0e88a0,2011-07-01 0:00:00
43886,934,CE58-49B5-82,5,760,1,419.4589,0,e9b05b9f-b914-4226-b921-e7e8dfc2a8f3,2011-07-01 0:00:00
43886,935,CE58-49B5-82,1,733,1,356.898,0,5dd7666b-2dde-4cea-8862-79f3f7a54c34,2011-07-01 0:00:00
43886,936,CE58-49B5-82,1,716,1,28.8404,0,faeb4f6a-bdc3-48c2-9ea8-ad564c343d74,2011-07-01 0:00:00
43886,937,CE58-49B5-82,1,730,1,183.9382,0,6537ca48-777b-4b11-b863-06fa9443f967,2011-07-01 0:00:00
43886,938,CE58-49B5-82,1,755,1,874.794,0,e68007a2-bb8b-4575-aadc-72e0f0a382c8,2011-07-01 0:00:00
43886,939,CE58-49B5-82,1,722,1,178.5808,0,4a95ce07-bd63-4c5b-92c1-d1bac4a5be75,2011-07-01 0:00:00
43886,940,CE58-49B5-82,5,714,1,28.8404,0,81ec3a52-9772-49c5-91fd-3a42e85c0be7,2011-07-01 0:00:00
43886,941,CE58-49B5-82,1,766,1,419.4589,0,680faeae-7c2d-4780-b82f-ed347ee23a30,2011-07-01 0:00:00
43886,942,CE58-49B5-82,3,762,1,419.4589,0,94aaa150-d2f5-4747-b06f-1a38a6a02944,2011-07-01 0:00:00
43886,943,CE58-49B5-82,2,753,1,2146.962,0,24fb9db7-801a-463f-af8f-0ac0820389ee,2011-07-01 0:00:00
43886,944,CE58-49B5-82,4,715,1,28.8404,0,f72fca82-7c84-4eec-b017-b9dbf033079f,2011-07-01 0:00:00
43887,945,790D-448C-AA,1,765,1,419.4589,0,3ecf5123-d0ee-4896-be2f-8fc7fe20398b,2011-07-01 0:00:00
43888,946,7AED-4154-93,1,764,1,419.4589,0,9773770b-3427-4448-b249-e87414bc7b7b,2011-07-01 0:00:00
43888,947,7AED-4154-93,1,755,1,874.794,0,ab0ce62c-ab96-48af-9e43-e11f4a734728,2011-07-01 0:00:00
43888,948,7AED-4154-93,2,738,1,178.5808,0,effcad19-1dd8-4425-bbff-45c1665d8b9a,2011-07-01 0:00:00
43888,949,7AED-4154-93,1,725,1,183.9382,0,f4c379ea-95d6-4a2e-86e3-2adb57c7adbf,2011-07-01 0:00:00
43888,950,7AED-4154-93,1,768,1,419.4589,0,6c63f914-9f1b-44f4-8741-7e3645b7d7cc,2011-07-01 0:00:00
43888,951,7AED-4154-93,2,760,1,419.4589,0,6828f9ba-af1b-45e3-900b-beefa7a2e958,2011-07-01 0:00:00
43888,952,7AED-4154-93,1,753,1,2146.962,0,ceafd4ab-9df2-4f9c-9c68-a203d587116b,2011-07-01 0:00:00
43888,953,7AED-4154-93,2,756,1,874.794,0,bca7a200-d64b-489c-939d-be5513ecbc73,2011-07-01 0:00:00
43888,954,7AED-4154-93,5,754,1,874.794,0,61c158cf-964f-4906-b959-c9d4cfbe67f0,2011-07-01 0:00:00
43888,955,7AED-4154-93,2,770,1,419.4589,0,9f44b88b-6f81-4577-91ee-0d11b1e86c96,2011-07-01 0:00:00
43888,956,7AED-4154-93,2,730,1,183.9382,0,adc8a51f-84dd-4efa-8c61-73eaf87705b3,2011-07-01 0:00:00
43888,957,7AED-4154-93,2,763,1,419.4589,0,d5f67e56-d70c-4bdb-843f-fc6037ddefae,2011-07-01 0:00:00
43888,958,7AED-4154-93,2,765,1,419.4589,0,e342224a-c8ea-49e6-8736-4d1fa176462b,2011-07-01 0:00:00
43888,959,7AED-4154-93,1,726,1,183.9382,0,68cbc470-e21f-4aae-ae00-0247046d0168,2011-07-01 0:00:00
43889,960,F108-4D76-8A,1,778,1,2024.994,0,9468ec8e-072a-4bc6-b36d-374513d0ef90,2011-07-01 0:00:00
43889,961,F108-4D76-8A,2,716,1,28.8404,0,1aa73e6e-12ea-4bec-962c-68f51b07a9e1,2011-07-01 0:00:00
43890,962,6787-4174-98,5,771,1,2039.994,0,d799a944-b99a-48b2-9164-848a6d4b0813,2011-07-01 0:00:00
43890,963,6787-4174-98,2,777,1,2024.994,0,a9741688-d1b3-4c69-b5bb-fd0f62d37870,2011-07-01 0:00:00
43890,964,6787-4174-98,7,773,1,2039.994,0,440483c7-b9b1-4a74-94fe-898bbe095fa9,2011-07-01 0:00:00
43890,965,6787-4174-98,2,774,1,2039.994,0,6d6d1978-d998-407e-bdc2-61d67c23b92e,2011-07-01 0:00:00
43890,966,6787-4174-98,3,742,1,722.5949,0,cce67d1c-06d3-44ed-8216-dc51642ae76b,2011-07-01 0:00:00
43890,967,6787-4174-98,5,772,1,2039.994,0,1e28999e-f178-4c78-9a3e-686ed1abc598,2011-07-01 0:00:00
43890,968,6787-4174-98,2,776,1,2024.994,0,abd3089e-25f7-4d18-ac69-e43f83a78cb9,2011-07-01 0:00:00
43890,969,6787-4174-98,1,748,1,722.5949,0,c38b41a7-1058-40d1-af47-54a7d7cd138c,2011-07-01 0:00:00
43890,970,6787-4174-98,1,747,1,714.7043,0,242074b6-e0f1-4e73-95ad-b036bb515648,2011-07-01 0:00:00
43890,971,6787-4174-98,8,775,1,2024.994,0,9f7dd004-7a3d-4aa1-af1e-34ca763dc3e9,2011-07-01 0:00:00
43890,972,6787-4174-98,4,709,1,5.7,0,072c14a6-0935-4b90-ad90-085159ce7778,2011-07-01 0:00:00
43890,973,6787-4174-98,3,778,1,2024.994,0,16096b8d-9b36-4f70-84e2-4dfe9bac1a9e,2011-07-01 0:00:00
43890,974,6787-4174-98,3,745,1,809.76,0,cc7245e1-5355-4d92-af3e-9ea84742f378,2011-07-01 0:00:00
43891,975,1094-43CB-B1,2,775,1,2024.994,0,44856da1-f3bd-484f-b199-656c16b0dee2,2011-07-01 0:00:00
43891,976,1094-43CB-B1,2,710,1,5.7,0,241b0274-b8e5-490c-a46f-9f2880ed45b3,2011-07-01 0:00:00
43891,977,1094-43CB-B1,1,778,1,2024.994,0,fa5ab345-ad8c-4c15-b2c6-cdfe8248d3b9,2011-07-01 0:00:00
43891,978,1094-43CB-B1,3,773,1,2039.994,0,fc1a2db1-e83a-445a-a6f0-9093d30ba206,2011-07-01 0:00:00
43891,979,1094-43CB-B1,3,771,1,2039.994,0,43e4d872-0353-4540-a9fb-d1db47ff99d6,2011-07-01 0:00:00
43891,980,1094-43CB-B1,4,709,1,5.7,0,e3792ae9-f971-4f6f-a0f2-d07266f8b9b7,2011-07-01 0:00:00
43891,981,1094-43CB-B1,2,776,1,2024.994,0,6841ec15-0b39-4073-8e29-6501cb14af67,2011-07-01 0:00:00
43891,982,1094-43CB-B1,3,772,1,2039.994,0,e1107f2c-ec6b-4943-9436-1268d9ffad48,2011-07-01 0:00:00
43891,983,1094-43CB-B1,2,777,1,2024.994,0,7e8a0205-e908-4ede-bab8-81c5c67f386d,2011-07-01 0:00:00
43892,984,0D3C-4E1F-9C,2,762,1,419.4589,0,716d44b1-7166-44e4-8a1f-e9f84dfbdbb9,2011-07-01 0:00:00
43892,985,0D3C-4E1F-9C,3,715,1,28.8404,0,8d92cdde-c23d-4104-b0ac-64fb65e8b8ed,2011-07-01 0:00:00
43892,986,0D3C-4E1F-9C,2,753,1,2146.962,0,3867d3c3-4aac-4113-af53-02d13e48d694,2011-07-01 0:00:00
43892,987,0D3C-4E1F-9C,3,712,1,5.1865,0,40761057-5846-453c-93da-ba2edd30dd04,2011-07-01 0:00:00
43892,988,0D3C-4E1F-9C,2,763,1,419.4589,0,92ea8653-9e18-4a1a-9854-b96e9e0f81c8,2011-07-01 0:00:00
43892,989,0D3C-4E1F-9C,5,760,1,419.4589,0,cf43a4ae-e869-44de-9ee0-1c839156c71d,2011-07-01 0:00:00
43892,990,0D3C-4E1F-9C,1,729,1,183.9382,0,56c3f7bf-fb13-4b6e-a131-8814c9a5fc9f,2011-07-01 0:00:00
43892,991,0D3C-4E1F-9C,2,711,1,20.1865,0,23eef851-5a1c-4338-973c-f13df3edfd2e,2011-07-01 0:00:00
43892,992,0D3C-4E1F-9C,2,754,1,874.794,0,ec9b6f38-8eec-4346-93bd-ff51f372acc5,2011-07-01 0:00:00
43892,993,0D3C-4E1F-9C,3,770,1,419.4589,0,92e316db-e9fd-45a0-9ee4-0aa435973214,2011-07-01 0:00:00
43892,994,0D3C-4E1F-9C,4,761,1,419.4589,0,62bec424-a7d3-419f-b3db-a5899c4b53b6,2011-07-01 0:00:00
43892,995,0D3C-4E1F-9C,3,758,1,874.794,0,1d2f1713-c8c9-4737-8105-d26c8cf5ae2d,2011-07-01 0:00:00
43892,996,0D3C-4E1F-9C,2,765,1,419.4589,0,30eddea5-2c93-4f08-b66e-bfadb84aff0e,2011-07-01 0:00:00
43893,997,7C5D-46AA-A7,1,770,1,419.4589,0,46a1da27-b11d-4918-8308-4b7715c12fb5,2011-07-01 0:00:00
43894,998,7DF2-4E54-B0,3,710,1,5.7,0,6005bbfe-cd7c-45fd-80f7-dbbadb10bfec,2011-07-01 0:00:00
43894,999,7DF2-4E54-B0,2,777,1,2024.994,0,03ff934e-043f-4ce7-8f44-18bfee7edbb7,2011-07-01 0:00:00
43894,1000,7DF2-4E54-B0,3,775,1,2024.994,0,1ebf5abc-ddff-4ee0-8c21-f3de78477319,2011-07-01 0:00:00